hardware,device,gpu_name,ram_gb,high_ram,model,config,loss,loss_used,co2_kg,time_s,ndcg@5,ndcg@10,recall@5,recall@10,mrr@5,mrr@10,precision@5,precision@10,hit@5,hit@10,map@5,map@10
A100_GPU_HighRAM,cuda,NVIDIA A100-SXM4-40GB,83,True,BPR,BPR_BPR_r1,BPR,BPR,6.53450270318295e-05,12.27,0.1635,0.1606,0.0852,0.1292,0.2926,0.3087,0.1406,0.1144,0.4592,0.5822,0.1025,0.0842
A100_GPU_HighRAM,cuda,NVIDIA A100-SXM4-40GB,83,True,BPR,BPR_BPR_r2,BPR,BPR,3.492055757033023e-05,2.83,0.0522,0.0504,0.0181,0.0314,0.1038,0.1139,0.0498,0.0439,0.1888,0.2662,0.0285,0.0211
A100_GPU_HighRAM,cuda,NVIDIA A100-SXM4-40GB,83,True,BPR,BPR_BPR_r3,BPR,BPR,2.8319844551104745e-05,2.71,0.1412,0.1407,0.0584,0.107,0.2496,0.2688,0.1262,0.1085,0.386,0.5292,0.0907,0.0726
A100_GPU_HighRAM,cuda,NVIDIA A100-SXM4-40GB,83,True,BPR,BPR_BPR_r4,BPR,BPR,3.966609525678563e-05,3.11,0.1564,0.149,0.0633,0.1008,0.2765,0.2911,0.1364,0.1127,0.4019,0.5101,0.1028,0.0807
A100_GPU_HighRAM,cuda,NVIDIA A100-SXM4-40GB,83,True,BPR,BPR_BPR_r5,BPR,BPR,2.5228932871522048e-05,2.54,0.0964,0.0961,0.0346,0.065,0.181,0.1958,0.0899,0.0814,0.3022,0.4157,0.0572,0.045
A100_GPU_HighRAM,cuda,NVIDIA A100-SXM4-40GB,83,True,BPR,BPR_BPR_r6,BPR,BPR,2.5276658081597408e-05,2.22,0.0147,0.0141,0.0068,0.0108,0.031,0.0358,0.0142,0.0112,0.0657,0.1029,0.007,0.0051
A100_GPU_HighRAM,cuda,NVIDIA A100-SXM4-40GB,83,True,BPR,BPR_CE_r1,CE,CE,4.957529198203256e-05,3.71,0.1635,0.1606,0.0852,0.1292,0.2926,0.3087,0.1406,0.1144,0.4592,0.5822,0.1025,0.0842
A100_GPU_HighRAM,cuda,NVIDIA A100-SXM4-40GB,83,True,BPR,BPR_CE_r2,CE,CE,3.4672905729136645e-05,3.09,0.0522,0.0504,0.0181,0.0314,0.1038,0.1139,0.0498,0.0439,0.1888,0.2662,0.0285,0.0211
A100_GPU_HighRAM,cuda,NVIDIA A100-SXM4-40GB,83,True,BPR,BPR_CE_r3,CE,CE,2.834066175431293e-05,2.71,0.1412,0.1407,0.0584,0.107,0.2496,0.2688,0.1262,0.1085,0.386,0.5292,0.0907,0.0726
A100_GPU_HighRAM,cuda,NVIDIA A100-SXM4-40GB,83,True,BPR,BPR_CE_r4,CE,CE,3.913199991721004e-05,3.04,0.1564,0.149,0.0633,0.1008,0.2765,0.2911,0.1364,0.1127,0.4019,0.5101,0.1028,0.0807
A100_GPU_HighRAM,cuda,NVIDIA A100-SXM4-40GB,83,True,BPR,BPR_CE_r5,CE,CE,2.5189859264479663e-05,2.21,0.0964,0.0961,0.0346,0.065,0.181,0.1958,0.0899,0.0814,0.3022,0.4157,0.0572,0.045
A100_GPU_HighRAM,cuda,NVIDIA A100-SXM4-40GB,83,True,BPR,BPR_CE_r6,CE,CE,2.552784546418877e-05,2.53,0.0147,0.0141,0.0068,0.0108,0.031,0.0358,0.0142,0.0112,0.0657,0.1029,0.007,0.0051
A100_GPU_HighRAM,cuda,NVIDIA A100-SXM4-40GB,83,True,BPR,BPR_MSE_r1,MSE,MSE,5.037478513885859e-05,4.01,0.1635,0.1606,0.0852,0.1292,0.2926,0.3087,0.1406,0.1144,0.4592,0.5822,0.1025,0.0842
A100_GPU_HighRAM,cuda,NVIDIA A100-SXM4-40GB,83,True,BPR,BPR_MSE_r2,MSE,MSE,3.546417640613324e-05,2.82,0.0522,0.0504,0.0181,0.0314,0.1038,0.1139,0.0498,0.0439,0.1888,0.2662,0.0285,0.0211
A100_GPU_HighRAM,cuda,NVIDIA A100-SXM4-40GB,83,True,BPR,BPR_MSE_r3,MSE,MSE,2.8210796159920776e-05,2.37,0.1412,0.1407,0.0584,0.107,0.2496,0.2688,0.1262,0.1085,0.386,0.5292,0.0907,0.0726
A100_GPU_HighRAM,cuda,NVIDIA A100-SXM4-40GB,83,True,BPR,BPR_MSE_r4,MSE,MSE,3.960986201861759e-05,3.43,0.1564,0.149,0.0633,0.1008,0.2765,0.2911,0.1364,0.1127,0.4019,0.5101,0.1028,0.0807
A100_GPU_HighRAM,cuda,NVIDIA A100-SXM4-40GB,83,True,BPR,BPR_MSE_r5,MSE,MSE,2.590682725202459e-05,2.54,0.0964,0.0961,0.0346,0.065,0.181,0.1958,0.0899,0.0814,0.3022,0.4157,0.0572,0.045
A100_GPU_HighRAM,cuda,NVIDIA A100-SXM4-40GB,83,True,BPR,BPR_MSE_r6,MSE,MSE,2.477549316298309e-05,2.17,0.0147,0.0141,0.0068,0.0108,0.031,0.0358,0.0142,0.0112,0.0657,0.1029,0.007,0.0051
A100_GPU_HighRAM,cuda,NVIDIA A100-SXM4-40GB,83,True,FM,FM_s2024_r1,,,0.0001264883840319,8.78,0.0386,0.0425,0.0145,0.0314,0.0744,0.0884,0.0375,0.0381,0.1432,0.2513,0.0209,0.0173
A100_GPU_HighRAM,cuda,NVIDIA A100-SXM4-40GB,83,True,FM,FM_s2024_r2,,,8.890543028412793e-05,6.17,0.0285,0.0293,0.0095,0.0188,0.0614,0.0709,0.0267,0.0258,0.1135,0.1856,0.015,0.0113
A100_GPU_HighRAM,cuda,NVIDIA A100-SXM4-40GB,83,True,FM,FM_s2024_r3,,,7.115452042939006e-05,5.12,0.0503,0.0511,0.0192,0.0374,0.0972,0.111,0.0473,0.0433,0.1771,0.281,0.0282,0.0213
A100_GPU_HighRAM,cuda,NVIDIA A100-SXM4-40GB,83,True,FM,FM_s2024_r4,,,9.712407664198872e-05,6.97,0.047,0.0499,0.018,0.0366,0.089,0.1042,0.0462,0.0438,0.1697,0.2789,0.0261,0.0211
A100_GPU_HighRAM,cuda,NVIDIA A100-SXM4-40GB,83,True,FM,FM_s2024_r5,,,6.677889160352588e-05,5.09,0.0474,0.0503,0.0176,0.0369,0.0946,0.1074,0.0435,0.0427,0.1654,0.2641,0.027,0.0215
A100_GPU_HighRAM,cuda,NVIDIA A100-SXM4-40GB,83,True,FM,FM_s2024_r6,,,6.277503406738133e-05,4.6,0.0169,0.0193,0.0072,0.0147,0.037,0.0458,0.0161,0.0172,0.0785,0.1463,0.0082,0.0067
A100_GPU_HighRAM,cuda,NVIDIA A100-SXM4-40GB,83,True,FM,FM_s2025_r1,,,0.0001240238054972,8.32,0.0457,0.0441,0.0185,0.0308,0.0892,0.1001,0.0445,0.0376,0.1771,0.2598,0.0243,0.0181
A100_GPU_HighRAM,cuda,NVIDIA A100-SXM4-40GB,83,True,FM,FM_s2025_r2,,,8.92785236260125e-05,6.54,0.0351,0.0366,0.0135,0.0267,0.0735,0.0856,0.0331,0.032,0.14,0.2365,0.0183,0.014
A100_GPU_HighRAM,cuda,NVIDIA A100-SXM4-40GB,83,True,FM,FM_s2025_r3,,,7.10080924945572e-05,5.38,0.0415,0.0435,0.0162,0.0311,0.0788,0.0929,0.0405,0.0386,0.1516,0.2577,0.0228,0.0177
A100_GPU_HighRAM,cuda,NVIDIA A100-SXM4-40GB,83,True,FM,FM_s2025_r4,,,9.684760595571958e-05,6.61,0.0421,0.0457,0.0155,0.034,0.0762,0.0903,0.0435,0.0425,0.1633,0.2672,0.0232,0.0189
A100_GPU_HighRAM,cuda,NVIDIA A100-SXM4-40GB,83,True,FM,FM_s2025_r5,,,6.585367081088767e-05,5.09,0.0415,0.0393,0.0151,0.0263,0.0852,0.0938,0.0384,0.0323,0.1548,0.2216,0.023,0.0167
A100_GPU_HighRAM,cuda,NVIDIA A100-SXM4-40GB,83,True,FM,FM_s2025_r6,,,6.219218097431057e-05,4.52,0.0231,0.0257,0.0082,0.0181,0.0535,0.0658,0.0199,0.0226,0.0944,0.1888,0.0121,0.0093
A100_GPU_HighRAM,cuda,NVIDIA A100-SXM4-40GB,83,True,FM,FM_s2026_r1,,,0.0001253341410319,8.75,0.0442,0.0469,0.0192,0.038,0.0833,0.0978,0.0441,0.0409,0.1771,0.2853,0.0234,0.0185
A100_GPU_HighRAM,cuda,NVIDIA A100-SXM4-40GB,83,True,FM,FM_s2026_r2,,,9.015844657284484e-05,6.22,0.033,0.0357,0.0138,0.0278,0.0632,0.0749,0.0335,0.0318,0.1389,0.2259,0.0166,0.0136
A100_GPU_HighRAM,cuda,NVIDIA A100-SXM4-40GB,83,True,FM,FM_s2026_r3,,,7.003469728542446e-05,5.07,0.0643,0.0609,0.0255,0.0425,0.1231,0.1341,0.0596,0.0485,0.2206,0.3043,0.0362,0.0269
A100_GPU_HighRAM,cuda,NVIDIA A100-SXM4-40GB,83,True,FM,FM_s2026_r4,,,9.869163146685296e-05,7.08,0.0529,0.0533,0.0198,0.0382,0.1046,0.1189,0.0484,0.044,0.1824,0.2906,0.0299,0.0227
A100_GPU_HighRAM,cuda,NVIDIA A100-SXM4-40GB,83,True,FM,FM_s2026_r5,,,6.498479801793243e-05,4.74,0.0522,0.0509,0.0215,0.038,0.1012,0.1121,0.0496,0.0413,0.1941,0.2757,0.0287,0.0216
A100_GPU_HighRAM,cuda,NVIDIA A100-SXM4-40GB,83,True,FM,FM_s2026_r6,,,6.2873046589888e-05,4.88,0.0115,0.0135,0.0055,0.0114,0.0201,0.0275,0.0138,0.0138,0.0626,0.1177,0.0048,0.0041
A100_GPU_HighRAM,cuda,NVIDIA A100-SXM4-40GB,83,True,ItemKNN,ItemKNN_s2024_r1,,,3.275841826870763e-05,3.29,0.2556,0.2594,0.1456,0.2316,0.4017,0.4195,0.2221,0.1797,0.6246,0.7508,0.1747,0.152
A100_GPU_HighRAM,cuda,NVIDIA A100-SXM4-40GB,83,True,ItemKNN,ItemKNN_s2024_r2,,,4.001258110560557e-05,3.48,0.276,0.272,0.1489,0.2332,0.4365,0.4553,0.2363,0.1854,0.632,0.7699,0.193,0.161
A100_GPU_HighRAM,cuda,NVIDIA A100-SXM4-40GB,83,True,ItemKNN,ItemKNN_s2024_r3,,,4.722997568507642e-05,4.02,0.2829,0.2787,0.1564,0.2395,0.4559,0.471,0.2382,0.186,0.6564,0.7699,0.1966,0.1663
A100_GPU_HighRAM,cuda,NVIDIA A100-SXM4-40GB,83,True,ItemKNN,ItemKNN_s2024_r4,,,3.3433136519209704e-05,3.36,0.2635,0.2675,0.1466,0.2351,0.4171,0.4354,0.2263,0.185,0.6235,0.7603,0.1822,0.1576
A100_GPU_HighRAM,cuda,NVIDIA A100-SXM4-40GB,83,True,ItemKNN,ItemKNN_s2024_r5,,,4.378276478201049e-05,3.76,0.2755,0.2755,0.1512,0.2399,0.4354,0.4529,0.2373,0.19,0.6426,0.772,0.1904,0.1631
A100_GPU_HighRAM,cuda,NVIDIA A100-SXM4-40GB,83,True,ItemKNN,ItemKNN_s2024_r6,,,4.8789334098970125e-05,4.48,0.284,0.2802,0.1588,0.2372,0.4619,0.4759,0.2339,0.1849,0.6649,0.7688,0.1974,0.1683
A100_GPU_HighRAM,cuda,NVIDIA A100-SXM4-40GB,83,True,ItemKNN,ItemKNN_s2025_r1,,,3.236193429556833e-05,2.93,0.261,0.2618,0.1458,0.2269,0.428,0.4454,0.2214,0.1786,0.6373,0.7625,0.1755,0.1512
A100_GPU_HighRAM,cuda,NVIDIA A100-SXM4-40GB,83,True,ItemKNN,ItemKNN_s2025_r2,,,4.019215015967992e-05,3.79,0.2744,0.2733,0.1447,0.233,0.4397,0.4579,0.2324,0.1861,0.6352,0.7699,0.1913,0.1625
A100_GPU_HighRAM,cuda,NVIDIA A100-SXM4-40GB,83,True,ItemKNN,ItemKNN_s2025_r3,,,4.732616873933306e-05,4.35,0.2763,0.2755,0.1484,0.2369,0.4412,0.4597,0.2331,0.1849,0.6267,0.7625,0.1935,0.1651
A100_GPU_HighRAM,cuda,NVIDIA A100-SXM4-40GB,83,True,ItemKNN,ItemKNN_s2025_r4,,,3.266541468215552e-05,2.98,0.2655,0.2693,0.1408,0.2342,0.432,0.4544,0.2246,0.1857,0.6204,0.7815,0.1836,0.1569
A100_GPU_HighRAM,cuda,NVIDIA A100-SXM4-40GB,83,True,ItemKNN,ItemKNN_s2025_r5,,,4.368085847201714e-05,3.75,0.2749,0.2737,0.1517,0.2358,0.4376,0.4552,0.2346,0.1866,0.6458,0.7773,0.19,0.162
A100_GPU_HighRAM,cuda,NVIDIA A100-SXM4-40GB,83,True,ItemKNN,ItemKNN_s2025_r6,,,4.843623550572326e-05,4.49,0.2868,0.2816,0.1643,0.2409,0.4488,0.4655,0.2418,0.1869,0.6532,0.7709,0.2011,0.1707
A100_GPU_HighRAM,cuda,NVIDIA A100-SXM4-40GB,83,True,ItemKNN,ItemKNN_s2026_r1,,,3.268869122633179e-05,3.27,0.2653,0.2675,0.1432,0.231,0.4258,0.4439,0.2267,0.1863,0.6352,0.7688,0.1807,0.1553
A100_GPU_HighRAM,cuda,NVIDIA A100-SXM4-40GB,83,True,ItemKNN,ItemKNN_s2026_r2,,,4.060876410916625e-05,3.52,0.2793,0.2748,0.1467,0.2334,0.4429,0.4603,0.2384,0.1876,0.6437,0.772,0.1941,0.1626
A100_GPU_HighRAM,cuda,NVIDIA A100-SXM4-40GB,83,True,ItemKNN,ItemKNN_s2026_r3,,,4.769328394857264e-05,4.42,0.2833,0.2807,0.153,0.2388,0.4521,0.4699,0.2373,0.1891,0.6458,0.7826,0.1983,0.1671
A100_GPU_HighRAM,cuda,NVIDIA A100-SXM4-40GB,83,True,ItemKNN,ItemKNN_s2026_r4,,,3.332539641572958e-05,2.99,0.2756,0.2735,0.1492,0.2339,0.4372,0.4533,0.2346,0.1881,0.6501,0.772,0.1893,0.161
A100_GPU_HighRAM,cuda,NVIDIA A100-SXM4-40GB,83,True,ItemKNN,ItemKNN_s2026_r5,,,4.246339636843309e-05,4.06,0.282,0.2787,0.146,0.2337,0.4493,0.4673,0.238,0.1897,0.6405,0.7709,0.1984,0.1662
A100_GPU_HighRAM,cuda,NVIDIA A100-SXM4-40GB,83,True,ItemKNN,ItemKNN_s2026_r6,,,4.7859013710408646e-05,4.19,0.2896,0.2815,0.1568,0.2351,0.461,0.476,0.2392,0.1852,0.6522,0.7678,0.2039,0.1695
A100_GPU_HighRAM,cuda,NVIDIA A100-SXM4-40GB,83,True,LightGCN,LightGCN_BPR_r1,BPR,BPR,0.0001053630774541,7.37,0.1286,0.1305,0.0757,0.1175,0.2379,0.2572,0.1118,0.0907,0.4093,0.5504,0.0753,0.0633
A100_GPU_HighRAM,cuda,NVIDIA A100-SXM4-40GB,83,True,LightGCN,LightGCN_BPR_r2,BPR,BPR,6.241441218868503e-05,4.5,0.1633,0.1651,0.0897,0.143,0.2984,0.3149,0.1345,0.109,0.4677,0.5907,0.1022,0.0874
A100_GPU_HighRAM,cuda,NVIDIA A100-SXM4-40GB,83,True,LightGCN,LightGCN_BPR_r3,BPR,BPR,6.287651327493088e-05,4.83,0.1375,0.1412,0.0823,0.1237,0.2514,0.2696,0.1171,0.099,0.421,0.5536,0.082,0.0709
A100_GPU_HighRAM,cuda,NVIDIA A100-SXM4-40GB,83,True,LightGCN,LightGCN_BPR_r4,BPR,BPR,6.964846760164532e-05,4.91,0.1405,0.1463,0.0823,0.1289,0.2607,0.2811,0.1164,0.1001,0.4199,0.5716,0.0851,0.0743
A100_GPU_HighRAM,cuda,NVIDIA A100-SXM4-40GB,83,True,LightGCN,LightGCN_BPR_r5,BPR,BPR,3.974546908176897e-05,3.14,0.1666,0.1675,0.0928,0.143,0.2972,0.3165,0.1368,0.1133,0.4539,0.5992,0.1066,0.0894
A100_GPU_HighRAM,cuda,NVIDIA A100-SXM4-40GB,83,True,LightGCN,LightGCN_BPR_r6,BPR,BPR,3.59110066461521e-05,3.19,0.1278,0.1281,0.0668,0.109,0.2403,0.2571,0.1088,0.0883,0.3955,0.5217,0.0768,0.0631
A100_GPU_HighRAM,cuda,NVIDIA A100-SXM4-40GB,83,True,LightGCN,LightGCN_CE_r1,CE,CE,0.0001003354296705,7.02,0.1286,0.1305,0.0757,0.1175,0.2379,0.2572,0.1118,0.0907,0.4093,0.5504,0.0753,0.0633
A100_GPU_HighRAM,cuda,NVIDIA A100-SXM4-40GB,83,True,LightGCN,LightGCN_CE_r2,CE,CE,6.145090873500869e-05,4.46,0.1633,0.1651,0.0897,0.143,0.2984,0.3149,0.1345,0.109,0.4677,0.5907,0.1022,0.0874
A100_GPU_HighRAM,cuda,NVIDIA A100-SXM4-40GB,83,True,LightGCN,LightGCN_CE_r3,CE,CE,6.295906346291212e-05,4.82,0.1375,0.1412,0.0823,0.1237,0.2514,0.2696,0.1171,0.099,0.421,0.5536,0.082,0.0709
A100_GPU_HighRAM,cuda,NVIDIA A100-SXM4-40GB,83,True,LightGCN,LightGCN_CE_r4,CE,CE,6.963054697795252e-05,4.88,0.1405,0.1463,0.0823,0.1289,0.2607,0.2811,0.1164,0.1001,0.4199,0.5716,0.0851,0.0743
A100_GPU_HighRAM,cuda,NVIDIA A100-SXM4-40GB,83,True,LightGCN,LightGCN_CE_r5,CE,CE,3.982279273604438e-05,3.45,0.1666,0.1675,0.0928,0.143,0.2972,0.3165,0.1368,0.1133,0.4539,0.5992,0.1066,0.0894
A100_GPU_HighRAM,cuda,NVIDIA A100-SXM4-40GB,83,True,LightGCN,LightGCN_CE_r6,CE,CE,3.6023739540780506e-05,2.87,0.1278,0.1281,0.0668,0.109,0.2403,0.2571,0.1088,0.0883,0.3955,0.5217,0.0768,0.0631
A100_GPU_HighRAM,cuda,NVIDIA A100-SXM4-40GB,83,True,LightGCN,LightGCN_MSE_r1,MSE,MSE,0.0001001250579051,6.72,0.1286,0.1305,0.0757,0.1175,0.2379,0.2572,0.1118,0.0907,0.4093,0.5504,0.0753,0.0633
A100_GPU_HighRAM,cuda,NVIDIA A100-SXM4-40GB,83,True,LightGCN,LightGCN_MSE_r2,MSE,MSE,6.241244382224264e-05,4.84,0.1633,0.1651,0.0897,0.143,0.2984,0.3149,0.1345,0.109,0.4677,0.5907,0.1022,0.0874
A100_GPU_HighRAM,cuda,NVIDIA A100-SXM4-40GB,83,True,LightGCN,LightGCN_MSE_r3,MSE,MSE,6.277245625558713e-05,4.79,0.1375,0.1412,0.0823,0.1237,0.2514,0.2696,0.1171,0.099,0.421,0.5536,0.082,0.0709
A100_GPU_HighRAM,cuda,NVIDIA A100-SXM4-40GB,83,True,LightGCN,LightGCN_MSE_r4,MSE,MSE,6.945799948700588e-05,4.83,0.1405,0.1463,0.0823,0.1289,0.2607,0.2811,0.1164,0.1001,0.4199,0.5716,0.0851,0.0743
A100_GPU_HighRAM,cuda,NVIDIA A100-SXM4-40GB,83,True,LightGCN,LightGCN_MSE_r5,MSE,MSE,4.032852961154477e-05,3.11,0.1666,0.1675,0.0928,0.143,0.2972,0.3165,0.1368,0.1133,0.4539,0.5992,0.1066,0.0894
A100_GPU_HighRAM,cuda,NVIDIA A100-SXM4-40GB,83,True,LightGCN,LightGCN_MSE_r6,MSE,MSE,3.524123505857983e-05,3.19,0.1278,0.1281,0.0668,0.109,0.2403,0.2571,0.1088,0.0883,0.3955,0.5217,0.0768,0.0631
A100_GPU_HighRAM,cuda,NVIDIA A100-SXM4-40GB,83,True,NGCF,NGCF_BPR_r1,BPR,BPR,0.0001141561408277,7.46,0.093,0.0985,0.0465,0.0808,0.1614,0.1803,0.0893,0.0821,0.3128,0.4602,0.0534,0.0453
A100_GPU_HighRAM,cuda,NVIDIA A100-SXM4-40GB,83,True,NGCF,NGCF_BPR_r2,BPR,BPR,6.61903355958216e-05,4.97,0.0531,0.059,0.0251,0.0475,0.0976,0.1144,0.0513,0.0509,0.1983,0.3245,0.0286,0.0246
A100_GPU_HighRAM,cuda,NVIDIA A100-SXM4-40GB,83,True,NGCF,NGCF_BPR_r3,BPR,BPR,7.166612608189246e-05,4.98,0.0735,0.082,0.0292,0.0659,0.133,0.1534,0.0719,0.0732,0.2587,0.4146,0.0413,0.0353
A100_GPU_HighRAM,cuda,NVIDIA A100-SXM4-40GB,83,True,NGCF,NGCF_BPR_r4,BPR,BPR,7.162603536141404e-05,5.23,0.0835,0.0868,0.0373,0.0671,0.1519,0.1675,0.0791,0.073,0.2863,0.404,0.0476,0.0391
A100_GPU_HighRAM,cuda,NVIDIA A100-SXM4-40GB,83,True,NGCF,NGCF_BPR_r5,BPR,BPR,3.681686800238905e-05,2.89,0.0324,0.0384,0.0144,0.0298,0.0632,0.0774,0.0331,0.0364,0.1453,0.2513,0.0157,0.0139
A100_GPU_HighRAM,cuda,NVIDIA A100-SXM4-40GB,83,True,NGCF,NGCF_BPR_r6,BPR,BPR,2.9556593182169823e-05,2.78,0.0382,0.0427,0.0169,0.0336,0.0725,0.0879,0.0361,0.0369,0.1432,0.2598,0.0207,0.0171
A100_GPU_HighRAM,cuda,NVIDIA A100-SXM4-40GB,83,True,NGCF,NGCF_CE_r1,CE,CE,0.0001145092418587,7.47,0.0933,0.0981,0.0468,0.0806,0.1633,0.181,0.0893,0.081,0.3171,0.4539,0.0535,0.0452
A100_GPU_HighRAM,cuda,NVIDIA A100-SXM4-40GB,83,True,NGCF,NGCF_CE_r2,CE,CE,6.764383146819629e-05,5.09,0.0524,0.0592,0.0247,0.0489,0.0966,0.1142,0.0503,0.0509,0.1951,0.3287,0.0282,0.0244
A100_GPU_HighRAM,cuda,NVIDIA A100-SXM4-40GB,83,True,NGCF,NGCF_CE_r3,CE,CE,7.219499942151317e-05,5.26,0.074,0.0825,0.0296,0.0672,0.1336,0.1534,0.0727,0.0734,0.263,0.4178,0.0415,0.0353
A100_GPU_HighRAM,cuda,NVIDIA A100-SXM4-40GB,83,True,NGCF,NGCF_CE_r4,CE,CE,7.181458677100253e-05,4.97,0.0827,0.0868,0.036,0.0674,0.1515,0.1685,0.0774,0.0727,0.2789,0.4062,0.0473,0.039
A100_GPU_HighRAM,cuda,NVIDIA A100-SXM4-40GB,83,True,NGCF,NGCF_CE_r5,CE,CE,3.609014062651268e-05,2.88,0.0324,0.0384,0.0144,0.0298,0.0632,0.0774,0.0331,0.0364,0.1453,0.2513,0.0157,0.0139
A100_GPU_HighRAM,cuda,NVIDIA A100-SXM4-40GB,83,True,NGCF,NGCF_CE_r6,CE,CE,2.9785457493844857e-05,2.8,0.0382,0.0427,0.0169,0.0336,0.0725,0.0879,0.0361,0.0369,0.1432,0.2598,0.0207,0.0171
A100_GPU_HighRAM,cuda,NVIDIA A100-SXM4-40GB,83,True,NGCF,NGCF_MSE_r1,MSE,MSE,0.0001156734002068,7.87,0.0925,0.0988,0.0463,0.0811,0.163,0.1827,0.088,0.0822,0.3118,0.4634,0.053,0.0453
A100_GPU_HighRAM,cuda,NVIDIA A100-SXM4-40GB,83,True,NGCF,NGCF_MSE_r2,MSE,MSE,6.664116288773496e-05,4.65,0.0525,0.0586,0.0245,0.0482,0.097,0.1139,0.0507,0.0505,0.1972,0.3277,0.0283,0.0243
A100_GPU_HighRAM,cuda,NVIDIA A100-SXM4-40GB,83,True,NGCF,NGCF_MSE_r3,MSE,MSE,7.134942739675014e-05,4.9,0.0739,0.0825,0.0294,0.0666,0.1338,0.154,0.0721,0.0733,0.2598,0.4157,0.0417,0.0356
A100_GPU_HighRAM,cuda,NVIDIA A100-SXM4-40GB,83,True,NGCF,NGCF_MSE_r4,MSE,MSE,7.132270309850722e-05,5.24,0.082,0.0863,0.0357,0.0669,0.1496,0.1655,0.0776,0.0729,0.2842,0.404,0.0467,0.0388
A100_GPU_HighRAM,cuda,NVIDIA A100-SXM4-40GB,83,True,NGCF,NGCF_MSE_r5,MSE,MSE,3.682564595364485e-05,2.9,0.0324,0.0384,0.0144,0.0298,0.0632,0.0774,0.0331,0.0364,0.1453,0.2513,0.0157,0.0139
A100_GPU_HighRAM,cuda,NVIDIA A100-SXM4-40GB,83,True,NGCF,NGCF_MSE_r6,MSE,MSE,3.127754876584833e-05,2.89,0.0382,0.0427,0.0169,0.0336,0.0725,0.0879,0.0361,0.0369,0.1432,0.2598,0.0207,0.0171
A100_GPU_HighRAM,cuda,NVIDIA A100-SXM4-40GB,83,True,NeuMF,NeuMF_BPR_r1,BPR,BPR,9.515478633295336e-05,6.49,0.2394,0.2387,0.1276,0.2024,0.3915,0.4092,0.2023,0.1636,0.5864,0.7147,0.1631,0.1388
A100_GPU_HighRAM,cuda,NVIDIA A100-SXM4-40GB,83,True,NeuMF,NeuMF_BPR_r2,BPR,BPR,6.017984773719247e-05,4.6,0.1459,0.1503,0.0724,0.1252,0.2621,0.2824,0.1279,0.1095,0.4316,0.5811,0.0902,0.0765
A100_GPU_HighRAM,cuda,NVIDIA A100-SXM4-40GB,83,True,NeuMF,NeuMF_BPR_r3,BPR,BPR,5.158587152732145e-05,4.18,0.2175,0.2153,0.1107,0.1738,0.3662,0.3834,0.1826,0.1491,0.5355,0.6617,0.1465,0.1225
A100_GPU_HighRAM,cuda,NVIDIA A100-SXM4-40GB,83,True,NeuMF,NeuMF_BPR_r4,BPR,BPR,7.241435254728854e-05,5.0,0.2305,0.2297,0.1222,0.1943,0.3783,0.3955,0.197,0.1584,0.5822,0.7105,0.1551,0.1316
A100_GPU_HighRAM,cuda,NVIDIA A100-SXM4-40GB,83,True,NeuMF,NeuMF_BPR_r5,BPR,BPR,4.4317123361240544e-05,3.3,0.1291,0.134,0.0679,0.1157,0.2298,0.2483,0.1179,0.1018,0.4125,0.5536,0.0762,0.0651
A100_GPU_HighRAM,cuda,NVIDIA A100-SXM4-40GB,83,True,NeuMF,NeuMF_BPR_r6,BPR,BPR,4.111492245659612e-05,3.48,0.1313,0.1325,0.0657,0.1047,0.2306,0.2479,0.119,0.1004,0.4019,0.526,0.0799,0.0666
A100_GPU_HighRAM,cuda,NVIDIA A100-SXM4-40GB,83,True,NeuMF,NeuMF_CE_r1,CE,CE,9.284075635913176e-05,6.31,0.2394,0.2387,0.1276,0.2024,0.3915,0.4092,0.2023,0.1636,0.5864,0.7147,0.1631,0.1388
A100_GPU_HighRAM,cuda,NVIDIA A100-SXM4-40GB,83,True,NeuMF,NeuMF_CE_r2,CE,CE,6.149313631147083e-05,4.68,0.1459,0.1503,0.0724,0.1252,0.2621,0.2824,0.1279,0.1095,0.4316,0.5811,0.0902,0.0765
A100_GPU_HighRAM,cuda,NVIDIA A100-SXM4-40GB,83,True,NeuMF,NeuMF_CE_r3,CE,CE,5.215913859318217e-05,4.11,0.2175,0.2153,0.1107,0.1738,0.3662,0.3834,0.1826,0.1491,0.5355,0.6617,0.1465,0.1225
A100_GPU_HighRAM,cuda,NVIDIA A100-SXM4-40GB,83,True,NeuMF,NeuMF_CE_r4,CE,CE,7.188313318450924e-05,5.2,0.2305,0.2297,0.1222,0.1943,0.3783,0.3955,0.197,0.1584,0.5822,0.7105,0.1551,0.1316
A100_GPU_HighRAM,cuda,NVIDIA A100-SXM4-40GB,83,True,NeuMF,NeuMF_CE_r5,CE,CE,4.366474179490504e-05,3.3,0.1291,0.134,0.0679,0.1157,0.2298,0.2483,0.1179,0.1018,0.4125,0.5536,0.0762,0.0651
A100_GPU_HighRAM,cuda,NVIDIA A100-SXM4-40GB,83,True,NeuMF,NeuMF_CE_r6,CE,CE,4.099757907588677e-05,3.43,0.1313,0.1325,0.0657,0.1047,0.2306,0.2479,0.119,0.1004,0.4019,0.526,0.0799,0.0666
A100_GPU_HighRAM,cuda,NVIDIA A100-SXM4-40GB,83,True,NeuMF,NeuMF_MSE_r1,MSE,MSE,9.380000467831956e-05,6.59,0.2394,0.2387,0.1276,0.2024,0.3915,0.4092,0.2023,0.1636,0.5864,0.7147,0.1631,0.1388
A100_GPU_HighRAM,cuda,NVIDIA A100-SXM4-40GB,83,True,NeuMF,NeuMF_MSE_r2,MSE,MSE,5.992733608331248e-05,4.33,0.1459,0.1503,0.0724,0.1252,0.2621,0.2824,0.1279,0.1095,0.4316,0.5811,0.0902,0.0765
A100_GPU_HighRAM,cuda,NVIDIA A100-SXM4-40GB,83,True,NeuMF,NeuMF_MSE_r3,MSE,MSE,5.12629999543556e-05,4.06,0.2175,0.2153,0.1107,0.1738,0.3662,0.3834,0.1826,0.1491,0.5355,0.6617,0.1465,0.1225
A100_GPU_HighRAM,cuda,NVIDIA A100-SXM4-40GB,83,True,NeuMF,NeuMF_MSE_r4,MSE,MSE,7.260334020041188e-05,5.04,0.2305,0.2297,0.1222,0.1943,0.3783,0.3955,0.197,0.1584,0.5822,0.7105,0.1551,0.1316
A100_GPU_HighRAM,cuda,NVIDIA A100-SXM4-40GB,83,True,NeuMF,NeuMF_MSE_r5,MSE,MSE,4.3618681958688286e-05,3.67,0.1291,0.134,0.0679,0.1157,0.2298,0.2483,0.1179,0.1018,0.4125,0.5536,0.0762,0.0651
A100_GPU_HighRAM,cuda,NVIDIA A100-SXM4-40GB,83,True,NeuMF,NeuMF_MSE_r6,MSE,MSE,4.024241804133991e-05,3.09,0.1313,0.1325,0.0657,0.1047,0.2306,0.2479,0.119,0.1004,0.4019,0.526,0.0799,0.0666
A100_GPU_HighRAM,cuda,NVIDIA A100-SXM4-40GB,83,True,Pop,Pop_s2024_r1,,,1.6329952032948328e-05,1.97,0.0532,0.0566,0.022,0.0414,0.1064,0.1207,0.0481,0.0469,0.1983,0.3054,0.029,0.0237
A100_GPU_HighRAM,cuda,NVIDIA A100-SXM4-40GB,83,True,Pop,Pop_s2024_r2,,,1.659748123234984e-05,1.66,0.1066,0.1118,0.0669,0.0996,0.1909,0.2065,0.0923,0.0778,0.3521,0.4687,0.062,0.0557
A100_GPU_HighRAM,cuda,NVIDIA A100-SXM4-40GB,83,True,Pop,Pop_s2024_r3,,,1.820227645551724e-05,1.78,0.1174,0.1265,0.0712,0.1165,0.2066,0.2255,0.1052,0.092,0.3977,0.5366,0.068,0.0619
A100_GPU_HighRAM,cuda,NVIDIA A100-SXM4-40GB,83,True,Pop,Pop_s2024_r4,,,2.2382461969130668e-05,2.32,0.1219,0.1278,0.0716,0.1118,0.2248,0.2448,0.1073,0.0938,0.3987,0.5408,0.0701,0.0612
A100_GPU_HighRAM,cuda,NVIDIA A100-SXM4-40GB,83,True,Pop,Pop_s2024_r5,,,2.8577389713017832e-05,2.45,0.1272,0.1306,0.0726,0.1165,0.2346,0.2533,0.1122,0.0934,0.4062,0.544,0.0741,0.063
A100_GPU_HighRAM,cuda,NVIDIA A100-SXM4-40GB,83,True,Pop,Pop_s2024_r6,,,4.2379876395315066e-05,3.58,0.129,0.1322,0.0737,0.1159,0.2361,0.2558,0.113,0.0945,0.404,0.5451,0.0761,0.0644
A100_GPU_HighRAM,cuda,NVIDIA A100-SXM4-40GB,83,True,Pop,Pop_s2025_r1,,,1.6078963257410553e-05,1.94,0.0374,0.0468,0.0145,0.0397,0.0718,0.0918,0.0388,0.0445,0.1622,0.3118,0.0188,0.017
A100_GPU_HighRAM,cuda,NVIDIA A100-SXM4-40GB,83,True,Pop,Pop_s2025_r2,,,1.727877303925922e-05,1.66,0.112,0.1167,0.0582,0.1032,0.1994,0.2198,0.1018,0.0873,0.3637,0.5196,0.0662,0.0556
A100_GPU_HighRAM,cuda,NVIDIA A100-SXM4-40GB,83,True,Pop,Pop_s2025_r3,,,1.896496765136529e-05,1.78,0.1191,0.1251,0.0694,0.1157,0.2128,0.234,0.109,0.0938,0.4019,0.5589,0.0681,0.0577
A100_GPU_HighRAM,cuda,NVIDIA A100-SXM4-40GB,83,True,Pop,Pop_s2025_r4,,,2.162859150903468e-05,2.32,0.1274,0.1312,0.0718,0.1148,0.227,0.2478,0.1135,0.0966,0.4072,0.5599,0.0754,0.0634
A100_GPU_HighRAM,cuda,NVIDIA A100-SXM4-40GB,83,True,Pop,Pop_s2025_r5,,,2.9044417667616454e-05,2.45,0.127,0.1304,0.0741,0.1143,0.2256,0.2458,0.1133,0.0959,0.4104,0.5578,0.0748,0.063
A100_GPU_HighRAM,cuda,NVIDIA A100-SXM4-40GB,83,True,Pop,Pop_s2025_r6,,,4.256254255464194e-05,3.58,0.1266,0.1301,0.073,0.1138,0.2254,0.246,0.1128,0.0953,0.4072,0.5589,0.0746,0.0628
A100_GPU_HighRAM,cuda,NVIDIA A100-SXM4-40GB,83,True,Pop,Pop_s2026_r1,,,1.6197890917613142e-05,1.96,0.0489,0.0538,0.0219,0.0436,0.095,0.1119,0.0464,0.0449,0.1898,0.3171,0.0262,0.0218
A100_GPU_HighRAM,cuda,NVIDIA A100-SXM4-40GB,83,True,Pop,Pop_s2026_r2,,,1.6554318361685343e-05,1.64,0.127,0.1318,0.0682,0.114,0.2303,0.2497,0.1122,0.096,0.4019,0.5451,0.0751,0.0643
A100_GPU_HighRAM,cuda,NVIDIA A100-SXM4-40GB,83,True,Pop,Pop_s2026_r3,,,1.8152298516162176e-05,1.76,0.1375,0.1415,0.0732,0.1253,0.2539,0.2739,0.119,0.101,0.4199,0.5684,0.0822,0.069
A100_GPU_HighRAM,cuda,NVIDIA A100-SXM4-40GB,83,True,Pop,Pop_s2026_r4,,,2.1786113661296213e-05,2.35,0.1365,0.1422,0.0782,0.1247,0.2487,0.2695,0.1181,0.1027,0.4199,0.5716,0.0814,0.0698
A100_GPU_HighRAM,cuda,NVIDIA A100-SXM4-40GB,83,True,Pop,Pop_s2026_r5,,,2.932851394972829e-05,2.47,0.1388,0.1434,0.0784,0.1252,0.2562,0.2762,0.1192,0.1025,0.4263,0.5758,0.0829,0.0706
A100_GPU_HighRAM,cuda,NVIDIA A100-SXM4-40GB,83,True,Pop,Pop_s2026_r6,,,4.14224377564406e-05,3.53,0.1393,0.1446,0.0802,0.1266,0.2548,0.2753,0.119,0.1031,0.4263,0.5758,0.0834,0.0717
A100_GPU_HighRAM,cuda,NVIDIA A100-SXM4-40GB,83,True,Random,Random_s2024_r1,,,1.045747630560029e-05,1.32,0.0075,0.0074,0.0031,0.005,0.0171,0.0204,0.0074,0.0066,0.0361,0.0626,0.0035,0.0024
A100_GPU_HighRAM,cuda,NVIDIA A100-SXM4-40GB,83,True,Random,Random_s2024_r2,,,1.1467576774831448e-05,1.71,0.0075,0.0074,0.0031,0.005,0.0171,0.0204,0.0074,0.0066,0.0361,0.0626,0.0035,0.0024
A100_GPU_HighRAM,cuda,NVIDIA A100-SXM4-40GB,83,True,Random,Random_s2024_r3,,,1.2240513727289829e-05,1.41,0.0075,0.0074,0.0031,0.005,0.0171,0.0204,0.0074,0.0066,0.0361,0.0626,0.0035,0.0024
A100_GPU_HighRAM,cuda,NVIDIA A100-SXM4-40GB,83,True,Random,Random_s2024_r4,,,1.598100348702523e-05,1.95,0.0075,0.0074,0.0031,0.005,0.0171,0.0204,0.0074,0.0066,0.0361,0.0626,0.0035,0.0024
A100_GPU_HighRAM,cuda,NVIDIA A100-SXM4-40GB,83,True,Random,Random_s2024_r5,,,2.102516322522566e-05,2.26,0.0075,0.0074,0.0031,0.005,0.0171,0.0204,0.0074,0.0066,0.0361,0.0626,0.0035,0.0024
A100_GPU_HighRAM,cuda,NVIDIA A100-SXM4-40GB,83,True,Random,Random_s2024_r6,,,2.9972962812043506e-05,2.52,0.0075,0.0074,0.0031,0.005,0.0171,0.0204,0.0074,0.0066,0.0361,0.0626,0.0035,0.0024
A100_GPU_HighRAM,cuda,NVIDIA A100-SXM4-40GB,83,True,Random,Random_s2025_r1,,,1.083855167996893e-05,1.28,0.0065,0.0077,0.0024,0.0055,0.0139,0.0186,0.0066,0.0074,0.0329,0.0689,0.0029,0.0024
A100_GPU_HighRAM,cuda,NVIDIA A100-SXM4-40GB,83,True,Random,Random_s2025_r2,,,1.1383580521218584e-05,1.66,0.0065,0.0077,0.0024,0.0055,0.0139,0.0186,0.0066,0.0074,0.0329,0.0689,0.0029,0.0024
A100_GPU_HighRAM,cuda,NVIDIA A100-SXM4-40GB,83,True,Random,Random_s2025_r3,,,1.2913545768490232e-05,1.45,0.0065,0.0077,0.0024,0.0055,0.0139,0.0186,0.0066,0.0074,0.0329,0.0689,0.0029,0.0024
A100_GPU_HighRAM,cuda,NVIDIA A100-SXM4-40GB,83,True,Random,Random_s2025_r4,,,1.5145022484969403e-05,1.89,0.0065,0.0077,0.0024,0.0055,0.0139,0.0186,0.0066,0.0074,0.0329,0.0689,0.0029,0.0024
A100_GPU_HighRAM,cuda,NVIDIA A100-SXM4-40GB,83,True,Random,Random_s2025_r5,,,2.0953165597290425e-05,2.24,0.0065,0.0077,0.0024,0.0055,0.0139,0.0186,0.0066,0.0074,0.0329,0.0689,0.0029,0.0024
A100_GPU_HighRAM,cuda,NVIDIA A100-SXM4-40GB,83,True,Random,Random_s2025_r6,,,3.057643377444436e-05,2.53,0.0065,0.0077,0.0024,0.0055,0.0139,0.0186,0.0066,0.0074,0.0329,0.0689,0.0029,0.0024
A100_GPU_HighRAM,cuda,NVIDIA A100-SXM4-40GB,83,True,Random,Random_s2026_r1,,,1.0903352806343372e-05,1.29,0.0077,0.0083,0.0028,0.0067,0.0172,0.021,0.0074,0.0072,0.0361,0.0668,0.0036,0.0028
A100_GPU_HighRAM,cuda,NVIDIA A100-SXM4-40GB,83,True,Random,Random_s2026_r2,,,1.145462315281058e-05,1.68,0.0077,0.0083,0.0028,0.0067,0.0172,0.021,0.0074,0.0072,0.0361,0.0668,0.0036,0.0028
A100_GPU_HighRAM,cuda,NVIDIA A100-SXM4-40GB,83,True,Random,Random_s2026_r3,,,1.2956903363992236e-05,1.45,0.0077,0.0083,0.0028,0.0067,0.0172,0.021,0.0074,0.0072,0.0361,0.0668,0.0036,0.0028
A100_GPU_HighRAM,cuda,NVIDIA A100-SXM4-40GB,83,True,Random,Random_s2026_r4,,,1.579392428274641e-05,1.89,0.0077,0.0083,0.0028,0.0067,0.0172,0.021,0.0074,0.0072,0.0361,0.0668,0.0036,0.0028
A100_GPU_HighRAM,cuda,NVIDIA A100-SXM4-40GB,83,True,Random,Random_s2026_r5,,,2.1267764119814316e-05,2.29,0.0077,0.0083,0.0028,0.0067,0.0172,0.021,0.0074,0.0072,0.0361,0.0668,0.0036,0.0028
A100_GPU_HighRAM,cuda,NVIDIA A100-SXM4-40GB,83,True,Random,Random_s2026_r6,,,3.062143089091158e-05,2.56,0.0077,0.0083,0.0028,0.0067,0.0172,0.021,0.0074,0.0072,0.0361,0.0668,0.0036,0.0028
CPU,cpu,,12,False,BPR,BPR_BPR_r1,BPR,BPR,4.872150556866339e-05,22.23,0.1635,0.1606,0.0852,0.1292,0.2926,0.3087,0.1406,0.1144,0.4592,0.5822,0.1025,0.0842
CPU,cpu,,12,False,BPR,BPR_BPR_r2,BPR,BPR,1.0613286991581189e-05,5.1,0.0522,0.0504,0.0181,0.0314,0.1038,0.1139,0.0498,0.0439,0.1888,0.2662,0.0285,0.0211
CPU,cpu,,12,False,BPR,BPR_BPR_r3,BPR,BPR,9.10174738897695e-06,2.62,0.1412,0.1407,0.0584,0.107,0.2496,0.2688,0.1262,0.1085,0.386,0.5292,0.0907,0.0726
CPU,cpu,,12,False,BPR,BPR_BPR_r4,BPR,BPR,1.2178014326614276e-05,4.32,0.1564,0.149,0.0633,0.1008,0.2765,0.2911,0.1364,0.1127,0.4019,0.5101,0.1028,0.0807
CPU,cpu,,12,False,BPR,BPR_BPR_r5,BPR,BPR,7.007321989009115e-06,2.15,0.0964,0.0961,0.0346,0.065,0.181,0.1958,0.0899,0.0814,0.3022,0.4157,0.0572,0.045
CPU,cpu,,12,False,BPR,BPR_BPR_r6,BPR,BPR,6.214058928713392e-06,2.47,0.0147,0.0141,0.0068,0.0108,0.031,0.0358,0.0142,0.0112,0.0657,0.1029,0.007,0.0051
CPU,cpu,,12,False,BPR,BPR_CE_r1,CE,CE,1.570301236330223e-05,3.94,0.1635,0.1606,0.0852,0.1292,0.2926,0.3087,0.1406,0.1144,0.4592,0.5822,0.1025,0.0842
CPU,cpu,,12,False,BPR,BPR_CE_r2,CE,CE,1.0790726071796652e-05,4.07,0.0522,0.0504,0.0181,0.0314,0.1038,0.1139,0.0498,0.0439,0.1888,0.2662,0.0285,0.0211
CPU,cpu,,12,False,BPR,BPR_CE_r3,CE,CE,9.431917690610626e-06,2.8,0.1412,0.1407,0.0584,0.107,0.2496,0.2688,0.1262,0.1085,0.386,0.5292,0.0907,0.0726
CPU,cpu,,12,False,BPR,BPR_CE_r4,CE,CE,1.1604580214119844e-05,3.82,0.1564,0.149,0.0633,0.1008,0.2765,0.2911,0.1364,0.1127,0.4019,0.5101,0.1028,0.0807
CPU,cpu,,12,False,BPR,BPR_CE_r5,CE,CE,8.74734681624406e-06,2.68,0.0964,0.0961,0.0346,0.065,0.181,0.1958,0.0899,0.0814,0.3022,0.4157,0.0572,0.045
CPU,cpu,,12,False,BPR,BPR_CE_r6,CE,CE,7.65295197177252e-06,3.49,0.0147,0.0141,0.0068,0.0108,0.031,0.0358,0.0142,0.0112,0.0657,0.1029,0.007,0.0051
CPU,cpu,,12,False,BPR,BPR_MSE_r1,MSE,MSE,1.598271149115868e-05,4.37,0.1635,0.1606,0.0852,0.1292,0.2926,0.3087,0.1406,0.1144,0.4592,0.5822,0.1025,0.0842
CPU,cpu,,12,False,BPR,BPR_MSE_r2,MSE,MSE,9.537249295772307e-06,2.73,0.0522,0.0504,0.0181,0.0314,0.1038,0.1139,0.0498,0.0439,0.1888,0.2662,0.0285,0.0211
CPU,cpu,,12,False,BPR,BPR_MSE_r3,MSE,MSE,1.2503454237505129e-05,3.83,0.1412,0.1407,0.0584,0.107,0.2496,0.2688,0.1262,0.1085,0.386,0.5292,0.0907,0.0726
CPU,cpu,,12,False,BPR,BPR_MSE_r4,MSE,MSE,1.2268804454861905e-05,3.79,0.1564,0.149,0.0633,0.1008,0.2765,0.2911,0.1364,0.1127,0.4019,0.5101,0.1028,0.0807
CPU,cpu,,12,False,BPR,BPR_MSE_r5,MSE,MSE,7.784541001165233e-06,2.75,0.0964,0.0961,0.0346,0.065,0.181,0.1958,0.0899,0.0814,0.3022,0.4157,0.0572,0.045
CPU,cpu,,12,False,BPR,BPR_MSE_r6,MSE,MSE,6.417568207894624e-06,2.15,0.0147,0.0141,0.0068,0.0108,0.031,0.0358,0.0142,0.0112,0.0657,0.1029,0.007,0.0051
CPU,cpu,,12,False,FM,FM_s2024_r1,,,0.0001093526780506,23.47,0.0386,0.0425,0.0145,0.0314,0.0744,0.0884,0.0375,0.0381,0.1432,0.2513,0.0209,0.0173
CPU,cpu,,12,False,FM,FM_s2024_r2,,,5.9237769005604166e-05,12.83,0.0285,0.0293,0.0095,0.0188,0.0614,0.0709,0.0267,0.0258,0.1135,0.1856,0.015,0.0113
CPU,cpu,,12,False,FM,FM_s2024_r3,,,5.763311302901604e-05,12.38,0.0503,0.0511,0.0192,0.0374,0.0972,0.111,0.0473,0.0433,0.1771,0.281,0.0282,0.0213
CPU,cpu,,12,False,FM,FM_s2024_r4,,,8.998228319931287e-05,19.4,0.047,0.0499,0.018,0.0366,0.089,0.1042,0.0462,0.0438,0.1697,0.2789,0.0261,0.0211
CPU,cpu,,12,False,FM,FM_s2024_r5,,,6.715073874365447e-05,14.87,0.0474,0.0503,0.0176,0.0369,0.0946,0.1074,0.0435,0.0427,0.1654,0.2641,0.027,0.0215
CPU,cpu,,12,False,FM,FM_s2024_r6,,,4.1046746736444e-05,9.84,0.0169,0.0193,0.0072,0.0147,0.037,0.0458,0.0161,0.0172,0.0785,0.1463,0.0082,0.0067
CPU,cpu,,12,False,FM,FM_s2025_r1,,,0.0001137354946493,23.84,0.0457,0.0441,0.0185,0.0308,0.0892,0.1001,0.0445,0.0376,0.1771,0.2598,0.0243,0.0181
CPU,cpu,,12,False,FM,FM_s2025_r2,,,6.40225861026419e-05,13.73,0.0351,0.0366,0.0135,0.0267,0.0735,0.0856,0.0331,0.032,0.14,0.2365,0.0183,0.014
CPU,cpu,,12,False,FM,FM_s2025_r3,,,5.607576590018507e-05,12.5,0.0415,0.0435,0.0162,0.0311,0.0788,0.0929,0.0405,0.0386,0.1516,0.2577,0.0228,0.0177
CPU,cpu,,12,False,FM,FM_s2025_r4,,,8.544140295789292e-05,17.88,0.0421,0.0457,0.0155,0.034,0.0762,0.0903,0.0435,0.0425,0.1633,0.2672,0.0232,0.0189
CPU,cpu,,12,False,FM,FM_s2025_r5,,,6.751565261667799e-05,14.87,0.0415,0.0393,0.0151,0.0263,0.0852,0.0938,0.0384,0.0323,0.1548,0.2216,0.023,0.0167
CPU,cpu,,12,False,FM,FM_s2025_r6,,,4.55181183440976e-05,11.01,0.0231,0.0257,0.0082,0.0181,0.0535,0.0658,0.0199,0.0226,0.0944,0.1888,0.0121,0.0093
CPU,cpu,,12,False,FM,FM_s2026_r1,,,9.822029718587804e-05,21.43,0.0442,0.0469,0.0192,0.038,0.0833,0.0978,0.0441,0.0409,0.1771,0.2853,0.0234,0.0185
CPU,cpu,,12,False,FM,FM_s2026_r2,,,6.309843430123239e-05,13.47,0.033,0.0357,0.0138,0.0278,0.0632,0.0749,0.0335,0.0318,0.1389,0.2259,0.0166,0.0136
CPU,cpu,,12,False,FM,FM_s2026_r3,,,5.583787095239608e-05,12.68,0.0643,0.0609,0.0255,0.0425,0.1231,0.1341,0.0596,0.0485,0.2206,0.3043,0.0362,0.0269
CPU,cpu,,12,False,FM,FM_s2026_r4,,,9.963455214505608e-05,20.7,0.0529,0.0533,0.0198,0.0382,0.1046,0.1189,0.0484,0.044,0.1824,0.2906,0.0299,0.0227
CPU,cpu,,12,False,FM,FM_s2026_r5,,,6.622699009189656e-05,14.42,0.0522,0.0509,0.0215,0.038,0.1012,0.1121,0.0496,0.0413,0.1941,0.2757,0.0287,0.0216
CPU,cpu,,12,False,FM,FM_s2026_r6,,,4.837696939487972e-05,11.08,0.0115,0.0135,0.0055,0.0114,0.0201,0.0275,0.0138,0.0138,0.0626,0.1177,0.0048,0.0041
CPU,cpu,,12,False,ItemKNN,ItemKNN_s2024_r1,,,1.4670439004205494e-05,5.25,0.2556,0.2594,0.1456,0.2316,0.4017,0.4195,0.2221,0.1797,0.6246,0.7508,0.1747,0.152
CPU,cpu,,12,False,ItemKNN,ItemKNN_s2024_r2,,,1.503829637859105e-05,4.54,0.276,0.272,0.1489,0.2332,0.4365,0.4553,0.2363,0.1854,0.632,0.7699,0.193,0.161
CPU,cpu,,12,False,ItemKNN,ItemKNN_s2024_r3,,,2.3644232220763868e-05,6.72,0.2829,0.2787,0.1564,0.2395,0.4559,0.471,0.2382,0.186,0.6564,0.7699,0.1966,0.1663
CPU,cpu,,12,False,ItemKNN,ItemKNN_s2024_r4,,,1.0526367766660508e-05,3.31,0.2635,0.2675,0.1466,0.2351,0.4171,0.4354,0.2263,0.185,0.6235,0.7603,0.1822,0.1576
CPU,cpu,,12,False,ItemKNN,ItemKNN_s2024_r5,,,1.400494796309828e-05,4.22,0.2755,0.2755,0.1512,0.2399,0.4354,0.4529,0.2373,0.19,0.6426,0.772,0.1904,0.1631
CPU,cpu,,12,False,ItemKNN,ItemKNN_s2024_r6,,,2.475931582898531e-05,6.71,0.284,0.2802,0.1588,0.2372,0.4619,0.4759,0.2339,0.1849,0.6649,0.7688,0.1974,0.1683
CPU,cpu,,12,False,ItemKNN,ItemKNN_s2025_r1,,,1.0153870942950529e-05,3.53,0.261,0.2618,0.1458,0.2269,0.428,0.4454,0.2214,0.1786,0.6373,0.7625,0.1755,0.1512
CPU,cpu,,12,False,ItemKNN,ItemKNN_s2025_r2,,,1.3257563129386592e-05,3.84,0.2744,0.2733,0.1447,0.233,0.4397,0.4579,0.2324,0.1861,0.6352,0.7699,0.1913,0.1625
CPU,cpu,,12,False,ItemKNN,ItemKNN_s2025_r3,,,2.787342087994536e-05,8.35,0.2763,0.2755,0.1484,0.2369,0.4412,0.4597,0.2331,0.1849,0.6267,0.7625,0.1935,0.1651
CPU,cpu,,12,False,ItemKNN,ItemKNN_s2025_r4,,,1.3199634925708625e-05,4.98,0.2655,0.2693,0.1408,0.2342,0.432,0.4544,0.2246,0.1857,0.6204,0.7815,0.1836,0.1569
CPU,cpu,,12,False,ItemKNN,ItemKNN_s2025_r5,,,2.3180998755465523e-05,5.9,0.2749,0.2737,0.1517,0.2358,0.4376,0.4552,0.2346,0.1866,0.6458,0.7773,0.19,0.162
CPU,cpu,,12,False,ItemKNN,ItemKNN_s2025_r6,,,1.7152737192949522e-05,5.3,0.2868,0.2816,0.1643,0.2409,0.4488,0.4655,0.2418,0.1869,0.6532,0.7709,0.2011,0.1707
CPU,cpu,,12,False,ItemKNN,ItemKNN_s2026_r1,,,1.0956709101748026e-05,3.95,0.2653,0.2675,0.1432,0.231,0.4258,0.4439,0.2267,0.1863,0.6352,0.7688,0.1807,0.1553
CPU,cpu,,12,False,ItemKNN,ItemKNN_s2026_r2,,,1.7836369543707243e-05,5.45,0.2793,0.2748,0.1467,0.2334,0.4429,0.4603,0.2384,0.1876,0.6437,0.772,0.1941,0.1626
CPU,cpu,,12,False,ItemKNN,ItemKNN_s2026_r3,,,1.9356061489479834e-05,5.17,0.2833,0.2807,0.153,0.2388,0.4521,0.4699,0.2373,0.1891,0.6458,0.7826,0.1983,0.1671
CPU,cpu,,12,False,ItemKNN,ItemKNN_s2026_r4,,,2.329916332664448e-05,5.92,0.2756,0.2735,0.1492,0.2339,0.4372,0.4533,0.2346,0.1881,0.6501,0.772,0.1893,0.161
CPU,cpu,,12,False,ItemKNN,ItemKNN_s2026_r5,,,1.6402586412004875e-05,7.12,0.282,0.2787,0.146,0.2337,0.4493,0.4673,0.238,0.1897,0.6405,0.7709,0.1984,0.1662
CPU,cpu,,12,False,ItemKNN,ItemKNN_s2026_r6,,,2.086147980052854e-05,5.53,0.2896,0.2815,0.1568,0.2351,0.461,0.476,0.2392,0.1852,0.6522,0.7678,0.2039,0.1695
CPU,cpu,,12,False,LightGCN,LightGCN_BPR_r1,BPR,BPR,0.000126185515877,26.33,0.1286,0.1305,0.0757,0.1175,0.2379,0.2572,0.1118,0.0907,0.4093,0.5504,0.0753,0.0633
CPU,cpu,,12,False,LightGCN,LightGCN_BPR_r2,BPR,BPR,4.381171741348914e-05,9.48,0.1633,0.1651,0.0897,0.143,0.2984,0.3149,0.1345,0.109,0.4677,0.5907,0.1022,0.0874
CPU,cpu,,12,False,LightGCN,LightGCN_BPR_r3,BPR,BPR,5.3237970656448114e-05,12.75,0.1375,0.1412,0.0823,0.1237,0.2514,0.2696,0.1171,0.099,0.421,0.5536,0.082,0.0709
CPU,cpu,,12,False,LightGCN,LightGCN_BPR_r4,BPR,BPR,8.234649490339648e-05,17.08,0.1405,0.1463,0.0823,0.1289,0.2607,0.2811,0.1164,0.1001,0.4199,0.5716,0.0851,0.0743
CPU,cpu,,12,False,LightGCN,LightGCN_BPR_r5,BPR,BPR,2.8239685754686307e-05,6.98,0.1666,0.1675,0.0928,0.143,0.2972,0.3165,0.1368,0.1133,0.4539,0.5992,0.1066,0.0894
CPU,cpu,,12,False,LightGCN,LightGCN_BPR_r6,BPR,BPR,1.6071832748114822e-05,4.0,0.1278,0.1281,0.0668,0.109,0.2403,0.2571,0.1088,0.0883,0.3955,0.5217,0.0768,0.0631
CPU,cpu,,12,False,LightGCN,LightGCN_CE_r1,CE,CE,0.0001280827613135,26.1,0.1286,0.1305,0.0757,0.1175,0.2379,0.2572,0.1118,0.0907,0.4093,0.5504,0.0753,0.0633
CPU,cpu,,12,False,LightGCN,LightGCN_CE_r2,CE,CE,4.018283750469794e-05,9.48,0.1633,0.1651,0.0897,0.143,0.2984,0.3149,0.1345,0.109,0.4677,0.5907,0.1022,0.0874
CPU,cpu,,12,False,LightGCN,LightGCN_CE_r3,CE,CE,4.917927548014074e-05,11.0,0.1375,0.1412,0.0823,0.1237,0.2514,0.2696,0.1171,0.099,0.421,0.5536,0.082,0.0709
CPU,cpu,,12,False,LightGCN,LightGCN_CE_r4,CE,CE,8.243288388870382e-05,17.62,0.1405,0.1463,0.0823,0.1289,0.2607,0.2811,0.1164,0.1001,0.4199,0.5716,0.0851,0.0743
CPU,cpu,,12,False,LightGCN,LightGCN_CE_r5,CE,CE,2.2544445372614175e-05,5.82,0.1666,0.1675,0.0928,0.143,0.2972,0.3165,0.1368,0.1133,0.4539,0.5992,0.1066,0.0894
CPU,cpu,,12,False,LightGCN,LightGCN_CE_r6,CE,CE,2.0904666843385468e-05,5.04,0.1278,0.1281,0.0668,0.109,0.2403,0.2571,0.1088,0.0883,0.3955,0.5217,0.0768,0.0631
CPU,cpu,,12,False,LightGCN,LightGCN_MSE_r1,MSE,MSE,0.0001215731166768,25.19,0.1286,0.1305,0.0757,0.1175,0.2379,0.2572,0.1118,0.0907,0.4093,0.5504,0.0753,0.0633
CPU,cpu,,12,False,LightGCN,LightGCN_MSE_r2,MSE,MSE,3.504945379115957e-05,7.86,0.1633,0.1651,0.0897,0.143,0.2984,0.3149,0.1345,0.109,0.4677,0.5907,0.1022,0.0874
CPU,cpu,,12,False,LightGCN,LightGCN_MSE_r3,MSE,MSE,5.323469969610273e-05,11.94,0.1375,0.1412,0.0823,0.1237,0.2514,0.2696,0.1171,0.099,0.421,0.5536,0.082,0.0709
CPU,cpu,,12,False,LightGCN,LightGCN_MSE_r4,MSE,MSE,8.466331244858213e-05,17.5,0.1405,0.1463,0.0823,0.1289,0.2607,0.2811,0.1164,0.1001,0.4199,0.5716,0.0851,0.0743
CPU,cpu,,12,False,LightGCN,LightGCN_MSE_r5,MSE,MSE,2.460152394825981e-05,6.35,0.1666,0.1675,0.0928,0.143,0.2972,0.3165,0.1368,0.1133,0.4539,0.5992,0.1066,0.0894
CPU,cpu,,12,False,LightGCN,LightGCN_MSE_r6,MSE,MSE,1.634309839042867e-05,4.86,0.1278,0.1281,0.0668,0.109,0.2403,0.2571,0.1088,0.0883,0.3955,0.5217,0.0768,0.0631
CPU,cpu,,12,False,NGCF,NGCF_BPR_r1,BPR,BPR,0.000227638754038,46.77,0.0922,0.0996,0.0395,0.0788,0.1696,0.1882,0.0842,0.0817,0.298,0.4401,0.0543,0.047
CPU,cpu,,12,False,NGCF,NGCF_BPR_r2,BPR,BPR,0.0001085475620767,22.26,0.0511,0.0573,0.0236,0.0468,0.0951,0.1107,0.0501,0.0504,0.2025,0.3203,0.0268,0.0234
CPU,cpu,,12,False,NGCF,NGCF_BPR_r3,BPR,BPR,0.0001384100115369,28.25,0.0725,0.0818,0.032,0.0646,0.1322,0.1513,0.0694,0.0718,0.2619,0.4072,0.041,0.0358
CPU,cpu,,12,False,NGCF,NGCF_BPR_r4,BPR,BPR,0.0001388405744846,28.79,0.0837,0.0914,0.0426,0.0748,0.147,0.1656,0.0795,0.0768,0.2884,0.4263,0.0475,0.0423
CPU,cpu,,12,False,NGCF,NGCF_BPR_r5,BPR,BPR,5.633791107443639e-05,12.69,0.0288,0.0348,0.0112,0.026,0.0598,0.0748,0.028,0.0328,0.123,0.2365,0.0143,0.0126
CPU,cpu,,12,False,NGCF,NGCF_BPR_r6,BPR,BPR,3.935631368967937e-05,8.62,0.0472,0.0486,0.02,0.0351,0.0942,0.1068,0.0433,0.0402,0.176,0.2725,0.0258,0.0206
CPU,cpu,,12,False,NGCF,NGCF_CE_r1,CE,CE,0.0002319941835811,47.31,0.0922,0.0996,0.0395,0.0788,0.1696,0.1882,0.0842,0.0817,0.298,0.4401,0.0543,0.047
CPU,cpu,,12,False,NGCF,NGCF_CE_r2,CE,CE,0.0001067642702784,21.84,0.0511,0.0573,0.0236,0.0468,0.0951,0.1107,0.0501,0.0504,0.2025,0.3203,0.0268,0.0234
CPU,cpu,,12,False,NGCF,NGCF_CE_r3,CE,CE,0.0001412916313774,28.58,0.0725,0.0818,0.032,0.0646,0.1322,0.1513,0.0694,0.0718,0.2619,0.4072,0.041,0.0358
CPU,cpu,,12,False,NGCF,NGCF_CE_r4,CE,CE,0.0001448882489085,30.22,0.0837,0.0914,0.0426,0.0748,0.147,0.1656,0.0795,0.0768,0.2884,0.4263,0.0475,0.0423
CPU,cpu,,12,False,NGCF,NGCF_CE_r5,CE,CE,5.511314828092326e-05,12.94,0.0288,0.0348,0.0112,0.026,0.0598,0.0748,0.028,0.0328,0.123,0.2365,0.0143,0.0126
CPU,cpu,,12,False,NGCF,NGCF_CE_r6,CE,CE,4.191734800474996e-05,9.13,0.0472,0.0486,0.02,0.0351,0.0942,0.1068,0.0433,0.0402,0.176,0.2725,0.0258,0.0206
CPU,cpu,,12,False,NGCF,NGCF_MSE_r1,MSE,MSE,0.0002590928203978,52.75,0.0922,0.0996,0.0395,0.0788,0.1696,0.1882,0.0842,0.0817,0.298,0.4401,0.0543,0.047
CPU,cpu,,12,False,NGCF,NGCF_MSE_r2,MSE,MSE,0.0001250680628303,27.07,0.0511,0.0573,0.0236,0.0468,0.0951,0.1107,0.0501,0.0504,0.2025,0.3203,0.0268,0.0234
CPU,cpu,,12,False,NGCF,NGCF_MSE_r3,MSE,MSE,0.0001375473559494,28.69,0.0725,0.0818,0.032,0.0646,0.1322,0.1513,0.0694,0.0718,0.2619,0.4072,0.041,0.0358
CPU,cpu,,12,False,NGCF,NGCF_MSE_r4,MSE,MSE,0.0001408917136062,28.55,0.0837,0.0914,0.0426,0.0748,0.147,0.1656,0.0795,0.0768,0.2884,0.4263,0.0475,0.0423
CPU,cpu,,12,False,NGCF,NGCF_MSE_r5,MSE,MSE,5.408820451361675e-05,12.04,0.0288,0.0348,0.0112,0.026,0.0598,0.0748,0.028,0.0328,0.123,0.2365,0.0143,0.0126
CPU,cpu,,12,False,NGCF,NGCF_MSE_r6,MSE,MSE,3.665392675575562e-05,8.73,0.0472,0.0486,0.02,0.0351,0.0942,0.1068,0.0433,0.0402,0.176,0.2725,0.0258,0.0206
CPU,cpu,,12,False,NeuMF,NeuMF_BPR_r1,BPR,BPR,0.0001526676173644,32.03,0.2402,0.2378,0.1291,0.2003,0.3931,0.4103,0.203,0.1622,0.5875,0.7126,0.1638,0.1381
CPU,cpu,,12,False,NeuMF,NeuMF_BPR_r2,BPR,BPR,0.0001140421282637,23.41,0.1459,0.1487,0.0769,0.1239,0.2623,0.2807,0.1287,0.1094,0.4411,0.5758,0.0887,0.075
CPU,cpu,,12,False,NeuMF,NeuMF_BPR_r3,BPR,BPR,8.245362259131438e-05,17.13,0.2185,0.2158,0.1116,0.1735,0.3675,0.3857,0.1835,0.1494,0.5334,0.667,0.1475,0.123
CPU,cpu,,12,False,NeuMF,NeuMF_BPR_r4,BPR,BPR,0.0001206672484979,24.98,0.2301,0.2284,0.1234,0.1925,0.3772,0.3947,0.1964,0.158,0.5779,0.7084,0.1547,0.131
CPU,cpu,,12,False,NeuMF,NeuMF_BPR_r5,BPR,BPR,7.999304015184312e-05,17.13,0.1203,0.1332,0.0584,0.1184,0.2245,0.2495,0.1063,0.1012,0.3765,0.5578,0.0712,0.0632
CPU,cpu,,12,False,NeuMF,NeuMF_BPR_r6,BPR,BPR,8.052499791455407e-05,16.72,0.1306,0.1314,0.0653,0.1021,0.2286,0.2449,0.1183,0.0998,0.3987,0.5154,0.0794,0.0664
CPU,cpu,,12,False,NeuMF,NeuMF_CE_r1,CE,CE,0.0001463469699736,30.22,0.2402,0.2378,0.1291,0.2003,0.3931,0.4103,0.203,0.1622,0.5875,0.7126,0.1638,0.1381
CPU,cpu,,12,False,NeuMF,NeuMF_CE_r2,CE,CE,0.00011120450359,22.77,0.1459,0.1487,0.0769,0.1239,0.2623,0.2807,0.1287,0.1094,0.4411,0.5758,0.0887,0.075
CPU,cpu,,12,False,NeuMF,NeuMF_CE_r3,CE,CE,8.394377725305873e-05,17.43,0.2185,0.2158,0.1116,0.1735,0.3675,0.3857,0.1835,0.1494,0.5334,0.667,0.1475,0.123
CPU,cpu,,12,False,NeuMF,NeuMF_CE_r4,CE,CE,0.0001229395125678,25.55,0.2301,0.2284,0.1234,0.1925,0.3772,0.3947,0.1964,0.158,0.5779,0.7084,0.1547,0.131
CPU,cpu,,12,False,NeuMF,NeuMF_CE_r5,CE,CE,8.00990878625657e-05,16.98,0.1203,0.1332,0.0584,0.1184,0.2245,0.2495,0.1063,0.1012,0.3765,0.5578,0.0712,0.0632
CPU,cpu,,12,False,NeuMF,NeuMF_CE_r6,CE,CE,7.669439118878476e-05,15.87,0.1306,0.1314,0.0653,0.1021,0.2286,0.2449,0.1183,0.0998,0.3987,0.5154,0.0794,0.0664
CPU,cpu,,12,False,NeuMF,NeuMF_MSE_r1,MSE,MSE,0.0001443065699625,30.45,0.2402,0.2378,0.1291,0.2003,0.3931,0.4103,0.203,0.1622,0.5875,0.7126,0.1638,0.1381
CPU,cpu,,12,False,NeuMF,NeuMF_MSE_r2,MSE,MSE,0.0001120840201366,22.86,0.1459,0.1487,0.0769,0.1239,0.2623,0.2807,0.1287,0.1094,0.4411,0.5758,0.0887,0.075
CPU,cpu,,12,False,NeuMF,NeuMF_MSE_r3,MSE,MSE,8.370168424852912e-05,17.78,0.2185,0.2158,0.1116,0.1735,0.3675,0.3857,0.1835,0.1494,0.5334,0.667,0.1475,0.123
CPU,cpu,,12,False,NeuMF,NeuMF_MSE_r4,MSE,MSE,0.0001192930875396,24.67,0.2301,0.2284,0.1234,0.1925,0.3772,0.3947,0.1964,0.158,0.5779,0.7084,0.1547,0.131
CPU,cpu,,12,False,NeuMF,NeuMF_MSE_r5,MSE,MSE,8.087253031970468e-05,17.35,0.1203,0.1332,0.0584,0.1184,0.2245,0.2495,0.1063,0.1012,0.3765,0.5578,0.0712,0.0632
CPU,cpu,,12,False,NeuMF,NeuMF_MSE_r6,MSE,MSE,7.750408876729233e-05,16.17,0.1306,0.1314,0.0653,0.1021,0.2286,0.2449,0.1183,0.0998,0.3987,0.5154,0.0794,0.0664
CPU,cpu,,12,False,Pop,Pop_s2024_r1,,,3.4661385980410347e-06,1.48,0.0546,0.0577,0.0227,0.0414,0.109,0.1234,0.0488,0.0469,0.2004,0.3054,0.0302,0.0248
CPU,cpu,,12,False,Pop,Pop_s2024_r2,,,4.768082918732539e-06,2.29,0.0973,0.1055,0.06,0.099,0.1728,0.1893,0.0891,0.0778,0.3404,0.4592,0.0547,0.0501
CPU,cpu,,12,False,Pop,Pop_s2024_r3,,,5.174143060446508e-06,2.41,0.1189,0.1262,0.0732,0.1147,0.2088,0.2274,0.1067,0.092,0.4019,0.5408,0.0687,0.0615
CPU,cpu,,12,False,Pop,Pop_s2024_r4,,,7.71458805440846e-06,2.96,0.1213,0.1277,0.0701,0.1118,0.2241,0.2444,0.1071,0.094,0.3966,0.5419,0.07,0.0612
CPU,cpu,,12,False,Pop,Pop_s2024_r5,,,7.042405123953089e-06,2.36,0.1273,0.131,0.0727,0.1169,0.2347,0.2536,0.1124,0.0941,0.4072,0.5472,0.0741,0.0631
CPU,cpu,,12,False,Pop,Pop_s2024_r6,,,1.0385400186431967e-05,3.46,0.129,0.1322,0.0737,0.116,0.2361,0.2557,0.113,0.0946,0.404,0.544,0.0761,0.0644
CPU,cpu,,12,False,Pop,Pop_s2025_r1,,,3.680589359641548e-06,2.12,0.0452,0.049,0.0197,0.0397,0.0869,0.1014,0.0467,0.0445,0.1962,0.3118,0.0225,0.0184
CPU,cpu,,12,False,Pop,Pop_s2025_r2,,,3.845568712016216e-06,1.56,0.1124,0.1152,0.0604,0.1046,0.1953,0.2146,0.1063,0.088,0.3754,0.5228,0.0653,0.0536
CPU,cpu,,12,False,Pop,Pop_s2025_r3,,,6.952943136443271e-06,3.34,0.1192,0.1248,0.0688,0.1147,0.2123,0.2344,0.1092,0.0935,0.3966,0.5589,0.0686,0.0577
CPU,cpu,,12,False,Pop,Pop_s2025_r4,,,5.281405225197059e-06,1.9,0.1282,0.1309,0.0729,0.1143,0.228,0.2478,0.1145,0.0961,0.4125,0.5578,0.0756,0.0633
CPU,cpu,,12,False,Pop,Pop_s2025_r5,,,7.91897562829199e-06,2.4,0.1268,0.1311,0.0739,0.1151,0.2258,0.2466,0.1126,0.0966,0.4072,0.5599,0.0748,0.0634
CPU,cpu,,12,False,Pop,Pop_s2025_r6,,,1.1405124072263094e-05,3.54,0.1265,0.1301,0.0729,0.114,0.2255,0.246,0.1126,0.0953,0.4072,0.5567,0.0745,0.0629
CPU,cpu,,12,False,Pop,Pop_s2026_r1,,,3.989907344950207e-06,2.01,0.0438,0.0494,0.0237,0.0436,0.0779,0.0943,0.0462,0.0449,0.193,0.3171,0.0212,0.0184
CPU,cpu,,12,False,Pop,Pop_s2026_r2,,,6.054364640401019e-06,2.57,0.1164,0.1265,0.0611,0.1153,0.2109,0.2325,0.1063,0.097,0.3902,0.5536,0.0677,0.059
CPU,cpu,,12,False,Pop,Pop_s2026_r3,,,4.843474149879988e-06,1.98,0.1377,0.1386,0.0755,0.1197,0.2508,0.2686,0.1198,0.0993,0.4263,0.5589,0.0821,0.0679
CPU,cpu,,12,False,Pop,Pop_s2026_r4,,,5.076356602722035e-06,2.24,0.1364,0.1422,0.0781,0.1247,0.249,0.2694,0.1179,0.1027,0.421,0.5695,0.0812,0.0699
CPU,cpu,,12,False,Pop,Pop_s2026_r5,,,6.802891488192804e-06,2.73,0.139,0.143,0.0784,0.1247,0.2562,0.2759,0.1194,0.102,0.4263,0.5737,0.0831,0.0704
CPU,cpu,,12,False,Pop,Pop_s2026_r6,,,1.069657591474998e-05,2.89,0.1397,0.1445,0.0809,0.1265,0.2548,0.2754,0.1194,0.1029,0.4263,0.5769,0.0837,0.0717
CPU,cpu,,12,False,Random,Random_s2024_r1,,,3.876903970688869e-06,2.67,0.0075,0.0074,0.0031,0.005,0.0171,0.0204,0.0074,0.0066,0.0361,0.0626,0.0035,0.0024
CPU,cpu,,12,False,Random,Random_s2024_r2,,,4.129690391590434e-06,1.64,0.0075,0.0074,0.0031,0.005,0.0171,0.0204,0.0074,0.0066,0.0361,0.0626,0.0035,0.0024
CPU,cpu,,12,False,Random,Random_s2024_r3,,,4.3041868207140245e-06,2.34,0.0075,0.0074,0.0031,0.005,0.0171,0.0204,0.0074,0.0066,0.0361,0.0626,0.0035,0.0024
CPU,cpu,,12,False,Random,Random_s2024_r4,,,5.632432838060668e-06,2.08,0.0075,0.0074,0.0031,0.005,0.0171,0.0204,0.0074,0.0066,0.0361,0.0626,0.0035,0.0024
CPU,cpu,,12,False,Random,Random_s2024_r5,,,6.876571803882468e-06,2.29,0.0075,0.0074,0.0031,0.005,0.0171,0.0204,0.0074,0.0066,0.0361,0.0626,0.0035,0.0024
CPU,cpu,,12,False,Random,Random_s2024_r6,,,1.3246752743818366e-05,4.55,0.0075,0.0074,0.0031,0.005,0.0171,0.0204,0.0074,0.0066,0.0361,0.0626,0.0035,0.0024
CPU,cpu,,12,False,Random,Random_s2025_r1,,,3.732995860915636e-06,2.05,0.0065,0.0077,0.0024,0.0055,0.0139,0.0186,0.0066,0.0074,0.0329,0.0689,0.0029,0.0024
CPU,cpu,,12,False,Random,Random_s2025_r2,,,4.026696265851756e-06,1.61,0.0065,0.0077,0.0024,0.0055,0.0139,0.0186,0.0066,0.0074,0.0329,0.0689,0.0029,0.0024
CPU,cpu,,12,False,Random,Random_s2025_r3,,,5.089364727026698e-06,2.01,0.0065,0.0077,0.0024,0.0055,0.0139,0.0186,0.0066,0.0074,0.0329,0.0689,0.0029,0.0024
CPU,cpu,,12,False,Random,Random_s2025_r4,,,5.343570095973266e-06,2.35,0.0065,0.0077,0.0024,0.0055,0.0139,0.0186,0.0066,0.0074,0.0329,0.0689,0.0029,0.0024
CPU,cpu,,12,False,Random,Random_s2025_r5,,,1.0005974588630598e-05,3.93,0.0065,0.0077,0.0024,0.0055,0.0139,0.0186,0.0066,0.0074,0.0329,0.0689,0.0029,0.0024
CPU,cpu,,12,False,Random,Random_s2025_r6,,,1.0147621302038122e-05,2.86,0.0065,0.0077,0.0024,0.0055,0.0139,0.0186,0.0066,0.0074,0.0329,0.0689,0.0029,0.0024
CPU,cpu,,12,False,Random,Random_s2026_r1,,,4.001918782990462e-06,2.33,0.0077,0.0083,0.0028,0.0067,0.0172,0.021,0.0074,0.0072,0.0361,0.0668,0.0036,0.0028
CPU,cpu,,12,False,Random,Random_s2026_r2,,,4.028561664192494e-06,1.62,0.0077,0.0083,0.0028,0.0067,0.0172,0.021,0.0074,0.0072,0.0361,0.0668,0.0036,0.0028
CPU,cpu,,12,False,Random,Random_s2026_r3,,,4.819261371377341e-06,2.56,0.0077,0.0083,0.0028,0.0067,0.0172,0.021,0.0074,0.0072,0.0361,0.0668,0.0036,0.0028
CPU,cpu,,12,False,Random,Random_s2026_r4,,,7.93065837753627e-06,2.95,0.0077,0.0083,0.0028,0.0067,0.0172,0.021,0.0074,0.0072,0.0361,0.0668,0.0036,0.0028
CPU,cpu,,12,False,Random,Random_s2026_r5,,,6.689607537352814e-06,2.25,0.0077,0.0083,0.0028,0.0067,0.0172,0.021,0.0074,0.0072,0.0361,0.0668,0.0036,0.0028
CPU,cpu,,12,False,Random,Random_s2026_r6,,,9.805608668118611e-06,3.5,0.0077,0.0083,0.0028,0.0067,0.0172,0.021,0.0074,0.0072,0.0361,0.0668,0.0036,0.0028
L4_GPU_HighRAM,cuda,NVIDIA L4,52,True,BPR,BPR_BPR_r1,BPR,BPR,4.9818920621721736e-05,12.3,0.1635,0.1606,0.0852,0.1292,0.2926,0.3087,0.1406,0.1144,0.4592,0.5822,0.1025,0.0842
L4_GPU_HighRAM,cuda,NVIDIA L4,52,True,BPR,BPR_BPR_r2,BPR,BPR,2.6422062048848754e-05,3.02,0.0522,0.0504,0.0181,0.0314,0.1038,0.1139,0.0498,0.0439,0.1888,0.2662,0.0285,0.0211
L4_GPU_HighRAM,cuda,NVIDIA L4,52,True,BPR,BPR_BPR_r3,BPR,BPR,2.1096790448195223e-05,2.96,0.1412,0.1407,0.0584,0.107,0.2496,0.2688,0.1262,0.1085,0.386,0.5292,0.0907,0.0726
L4_GPU_HighRAM,cuda,NVIDIA L4,52,True,BPR,BPR_BPR_r4,BPR,BPR,2.9969958774633173e-05,3.32,0.1564,0.149,0.0633,0.1008,0.2765,0.2911,0.1364,0.1127,0.4019,0.5101,0.1028,0.0807
L4_GPU_HighRAM,cuda,NVIDIA L4,52,True,BPR,BPR_BPR_r5,BPR,BPR,1.928922984237855e-05,2.76,0.0964,0.0961,0.0346,0.065,0.181,0.1958,0.0899,0.0814,0.3022,0.4157,0.0572,0.045
L4_GPU_HighRAM,cuda,NVIDIA L4,52,True,BPR,BPR_BPR_r6,BPR,BPR,2.0183872326715565e-05,2.45,0.0147,0.0141,0.0068,0.0108,0.031,0.0358,0.0142,0.0112,0.0657,0.1029,0.007,0.0051
L4_GPU_HighRAM,cuda,NVIDIA L4,52,True,BPR,BPR_CE_r1,CE,CE,3.7534924052121337e-05,3.92,0.1635,0.1606,0.0852,0.1292,0.2926,0.3087,0.1406,0.1144,0.4592,0.5822,0.1025,0.0842
L4_GPU_HighRAM,cuda,NVIDIA L4,52,True,BPR,BPR_CE_r2,CE,CE,2.609276430225381e-05,3.33,0.0522,0.0504,0.0181,0.0314,0.1038,0.1139,0.0498,0.0439,0.1888,0.2662,0.0285,0.0211
L4_GPU_HighRAM,cuda,NVIDIA L4,52,True,BPR,BPR_CE_r3,CE,CE,2.1039651670305412e-05,2.89,0.1412,0.1407,0.0584,0.107,0.2496,0.2688,0.1262,0.1085,0.386,0.5292,0.0907,0.0726
L4_GPU_HighRAM,cuda,NVIDIA L4,52,True,BPR,BPR_CE_r4,CE,CE,2.960258807241959e-05,3.23,0.1564,0.149,0.0633,0.1008,0.2765,0.2911,0.1364,0.1127,0.4019,0.5101,0.1028,0.0807
L4_GPU_HighRAM,cuda,NVIDIA L4,52,True,BPR,BPR_CE_r5,CE,CE,1.9222287629201987e-05,2.41,0.0964,0.0961,0.0346,0.065,0.181,0.1958,0.0899,0.0814,0.3022,0.4157,0.0572,0.045
L4_GPU_HighRAM,cuda,NVIDIA L4,52,True,BPR,BPR_CE_r6,CE,CE,1.855938170938324e-05,2.72,0.0147,0.0141,0.0068,0.0108,0.031,0.0358,0.0142,0.0112,0.0657,0.1029,0.007,0.0051
L4_GPU_HighRAM,cuda,NVIDIA L4,52,True,BPR,BPR_MSE_r1,MSE,MSE,3.7591294302473125e-05,3.92,0.1635,0.1606,0.0852,0.1292,0.2926,0.3087,0.1406,0.1144,0.4592,0.5822,0.1025,0.0842
L4_GPU_HighRAM,cuda,NVIDIA L4,52,True,BPR,BPR_MSE_r2,MSE,MSE,2.166981528134711e-07,3.58,0.0522,0.0504,0.0181,0.0314,0.1038,0.1139,0.0498,0.0439,0.1888,0.2662,0.0285,0.0211
L4_GPU_HighRAM,cuda,NVIDIA L4,52,True,BPR,BPR_MSE_r3,MSE,MSE,2.1083553167867992e-05,2.91,0.1412,0.1407,0.0584,0.107,0.2496,0.2688,0.1262,0.1085,0.386,0.5292,0.0907,0.0726
L4_GPU_HighRAM,cuda,NVIDIA L4,52,True,BPR,BPR_MSE_r4,MSE,MSE,2.977984019495694e-05,3.3,0.1564,0.149,0.0633,0.1008,0.2765,0.2911,0.1364,0.1127,0.4019,0.5101,0.1028,0.0807
L4_GPU_HighRAM,cuda,NVIDIA L4,52,True,BPR,BPR_MSE_r5,MSE,MSE,1.928830364163589e-05,2.42,0.0964,0.0961,0.0346,0.065,0.181,0.1958,0.0899,0.0814,0.3022,0.4157,0.0572,0.045
L4_GPU_HighRAM,cuda,NVIDIA L4,52,True,BPR,BPR_MSE_r6,MSE,MSE,1.816215066075607e-05,2.62,0.0147,0.0141,0.0068,0.0108,0.031,0.0358,0.0142,0.0112,0.0657,0.1029,0.007,0.0051
L4_GPU_HighRAM,cuda,NVIDIA L4,52,True,FM,FM_s2024_r1,,,9.659863241839128e-05,9.0,0.0386,0.0425,0.0145,0.0314,0.0744,0.0884,0.0375,0.0381,0.1432,0.2513,0.0209,0.0173
L4_GPU_HighRAM,cuda,NVIDIA L4,52,True,FM,FM_s2024_r2,,,6.838160312783432e-05,6.38,0.0285,0.0293,0.0095,0.0188,0.0614,0.0709,0.0267,0.0258,0.1135,0.1856,0.015,0.0113
L4_GPU_HighRAM,cuda,NVIDIA L4,52,True,FM,FM_s2024_r3,,,5.425115730318654e-05,5.26,0.0503,0.0511,0.0192,0.0374,0.0972,0.111,0.0473,0.0433,0.1771,0.281,0.0282,0.0213
L4_GPU_HighRAM,cuda,NVIDIA L4,52,True,FM,FM_s2024_r4,,,7.60325743211949e-05,7.27,0.047,0.0499,0.018,0.0366,0.089,0.1042,0.0462,0.0438,0.1697,0.2789,0.0261,0.0211
L4_GPU_HighRAM,cuda,NVIDIA L4,52,True,FM,FM_s2024_r5,,,5.0591942386880944e-05,5.25,0.0474,0.0503,0.0176,0.0369,0.0946,0.1074,0.0435,0.0427,0.1654,0.2641,0.027,0.0215
L4_GPU_HighRAM,cuda,NVIDIA L4,52,True,FM,FM_s2024_r6,,,4.880995402015376e-05,4.79,0.0169,0.0193,0.0072,0.0147,0.037,0.0458,0.0161,0.0172,0.0785,0.1463,0.0082,0.0067
L4_GPU_HighRAM,cuda,NVIDIA L4,52,True,FM,FM_s2025_r1,,,9.5424410435143e-05,8.53,0.0457,0.0441,0.0185,0.0308,0.0892,0.1001,0.0445,0.0376,0.1771,0.2598,0.0243,0.0181
L4_GPU_HighRAM,cuda,NVIDIA L4,52,True,FM,FM_s2025_r2,,,6.947216168741561e-05,6.73,0.0351,0.0366,0.0135,0.0267,0.0735,0.0856,0.0331,0.032,0.14,0.2365,0.0183,0.014
L4_GPU_HighRAM,cuda,NVIDIA L4,52,True,FM,FM_s2025_r3,,,5.453450114160706e-05,5.55,0.0415,0.0435,0.0162,0.0311,0.0788,0.0929,0.0405,0.0386,0.1516,0.2577,0.0228,0.0177
L4_GPU_HighRAM,cuda,NVIDIA L4,52,True,FM,FM_s2025_r4,,,7.526341740740526e-05,6.86,0.0421,0.0457,0.0155,0.034,0.0762,0.0903,0.0435,0.0425,0.1633,0.2672,0.0232,0.0189
L4_GPU_HighRAM,cuda,NVIDIA L4,52,True,FM,FM_s2025_r5,,,5.123489524405678e-05,4.97,0.0415,0.0393,0.0151,0.0263,0.0852,0.0938,0.0384,0.0323,0.1548,0.2216,0.023,0.0167
L4_GPU_HighRAM,cuda,NVIDIA L4,52,True,FM,FM_s2025_r6,,,4.9513463649790685e-05,5.16,0.0231,0.0257,0.0082,0.0181,0.0535,0.0658,0.0199,0.0226,0.0944,0.1888,0.0121,0.0093
L4_GPU_HighRAM,cuda,NVIDIA L4,52,True,FM,FM_s2026_r1,,,9.761646375437957e-05,8.92,0.0442,0.0469,0.0192,0.038,0.0833,0.0978,0.0441,0.0409,0.1771,0.2853,0.0234,0.0185
L4_GPU_HighRAM,cuda,NVIDIA L4,52,True,FM,FM_s2026_r2,,,6.94177399899572e-05,6.37,0.033,0.0357,0.0138,0.0278,0.0632,0.0749,0.0335,0.0318,0.1389,0.2259,0.0166,0.0136
L4_GPU_HighRAM,cuda,NVIDIA L4,52,True,FM,FM_s2026_r3,,,5.671693003562431e-05,5.67,0.0643,0.0609,0.0255,0.0425,0.1231,0.1341,0.0596,0.0485,0.2206,0.3043,0.0362,0.0269
L4_GPU_HighRAM,cuda,NVIDIA L4,52,True,FM,FM_s2026_r4,,,7.61608018939782e-05,6.87,0.0529,0.0533,0.0198,0.0382,0.1046,0.1189,0.0484,0.044,0.1824,0.2906,0.0299,0.0227
L4_GPU_HighRAM,cuda,NVIDIA L4,52,True,FM,FM_s2026_r5,,,5.156847578932902e-05,5.35,0.0522,0.0509,0.0215,0.038,0.1012,0.1121,0.0496,0.0413,0.1941,0.2757,0.0287,0.0216
L4_GPU_HighRAM,cuda,NVIDIA L4,52,True,FM,FM_s2026_r6,,,4.85748093731502e-05,4.76,0.0115,0.0135,0.0055,0.0114,0.0201,0.0275,0.0138,0.0138,0.0626,0.1177,0.0048,0.0041
L4_GPU_HighRAM,cuda,NVIDIA L4,52,True,ItemKNN,ItemKNN_s2024_r1,,,2.5709695021644496e-05,3.48,0.2556,0.2594,0.1456,0.2316,0.4017,0.4195,0.2221,0.1797,0.6246,0.7508,0.1747,0.152
L4_GPU_HighRAM,cuda,NVIDIA L4,52,True,ItemKNN,ItemKNN_s2024_r2,,,3.179277346449362e-05,3.65,0.276,0.272,0.1489,0.2332,0.4365,0.4553,0.2363,0.1854,0.632,0.7699,0.193,0.161
L4_GPU_HighRAM,cuda,NVIDIA L4,52,True,ItemKNN,ItemKNN_s2024_r3,,,3.751294208564036e-05,4.24,0.2829,0.2787,0.1564,0.2395,0.4559,0.471,0.2382,0.186,0.6564,0.7699,0.1966,0.1663
L4_GPU_HighRAM,cuda,NVIDIA L4,52,True,ItemKNN,ItemKNN_s2024_r4,,,2.5865288174607763e-05,3.55,0.2635,0.2675,0.1466,0.2351,0.4171,0.4354,0.2263,0.185,0.6235,0.7603,0.1822,0.1576
L4_GPU_HighRAM,cuda,NVIDIA L4,52,True,ItemKNN,ItemKNN_s2024_r5,,,3.353743627381528e-05,3.87,0.2755,0.2755,0.1512,0.2399,0.4354,0.4529,0.2373,0.19,0.6426,0.772,0.1904,0.1631
L4_GPU_HighRAM,cuda,NVIDIA L4,52,True,ItemKNN,ItemKNN_s2024_r6,,,3.91738096681414e-05,4.7,0.284,0.2802,0.1588,0.2372,0.4619,0.4759,0.2339,0.1849,0.6649,0.7688,0.1974,0.1683
L4_GPU_HighRAM,cuda,NVIDIA L4,52,True,ItemKNN,ItemKNN_s2025_r1,,,2.5633693935589008e-05,3.12,0.261,0.2618,0.1458,0.2269,0.428,0.4454,0.2214,0.1786,0.6373,0.7625,0.1755,0.1512
L4_GPU_HighRAM,cuda,NVIDIA L4,52,True,ItemKNN,ItemKNN_s2025_r2,,,3.1026256703287544e-05,3.99,0.2744,0.2733,0.1447,0.233,0.4397,0.4579,0.2324,0.1861,0.6352,0.7699,0.1913,0.1625
L4_GPU_HighRAM,cuda,NVIDIA L4,52,True,ItemKNN,ItemKNN_s2025_r3,,,3.733361441600928e-05,4.51,0.2763,0.2755,0.1484,0.2369,0.4412,0.4597,0.2331,0.1849,0.6267,0.7625,0.1935,0.1651
L4_GPU_HighRAM,cuda,NVIDIA L4,52,True,ItemKNN,ItemKNN_s2025_r4,,,2.5892075980733893e-05,3.2,0.2655,0.2693,0.1408,0.2342,0.432,0.4544,0.2246,0.1857,0.6204,0.7815,0.1836,0.1569
L4_GPU_HighRAM,cuda,NVIDIA L4,52,True,ItemKNN,ItemKNN_s2025_r5,,,3.3854538168249884e-05,3.88,0.2749,0.2737,0.1517,0.2358,0.4376,0.4552,0.2346,0.1866,0.6458,0.7773,0.19,0.162
L4_GPU_HighRAM,cuda,NVIDIA L4,52,True,ItemKNN,ItemKNN_s2025_r6,,,3.830557049120525e-05,4.67,0.2868,0.2816,0.1643,0.2409,0.4488,0.4655,0.2418,0.1869,0.6532,0.7709,0.2011,0.1707
L4_GPU_HighRAM,cuda,NVIDIA L4,52,True,ItemKNN,ItemKNN_s2026_r1,,,2.5711847614845623e-05,3.46,0.2653,0.2675,0.1432,0.231,0.4258,0.4439,0.2267,0.1863,0.6352,0.7688,0.1807,0.1553
L4_GPU_HighRAM,cuda,NVIDIA L4,52,True,ItemKNN,ItemKNN_s2026_r2,,,3.1888980951869725e-05,3.71,0.2793,0.2748,0.1467,0.2334,0.4429,0.4603,0.2384,0.1876,0.6437,0.772,0.1941,0.1626
L4_GPU_HighRAM,cuda,NVIDIA L4,52,True,ItemKNN,ItemKNN_s2026_r3,,,3.740970477494333e-05,4.6,0.2833,0.2807,0.153,0.2388,0.4521,0.4699,0.2373,0.1891,0.6458,0.7826,0.1983,0.1671
L4_GPU_HighRAM,cuda,NVIDIA L4,52,True,ItemKNN,ItemKNN_s2026_r4,,,2.5698081249243275e-05,3.14,0.2756,0.2735,0.1492,0.2339,0.4372,0.4533,0.2346,0.1881,0.6501,0.772,0.1893,0.161
L4_GPU_HighRAM,cuda,NVIDIA L4,52,True,ItemKNN,ItemKNN_s2026_r5,,,3.4023959859754026e-05,4.22,0.282,0.2787,0.146,0.2337,0.4493,0.4673,0.238,0.1897,0.6405,0.7709,0.1984,0.1662
L4_GPU_HighRAM,cuda,NVIDIA L4,52,True,ItemKNN,ItemKNN_s2026_r6,,,3.82983130294443e-05,4.33,0.2896,0.2815,0.1568,0.2351,0.461,0.476,0.2392,0.1852,0.6522,0.7678,0.2039,0.1695
L4_GPU_HighRAM,cuda,NVIDIA L4,52,True,LightGCN,LightGCN_BPR_r1,BPR,BPR,7.914271439975201e-05,7.49,0.1286,0.1305,0.0757,0.1175,0.2379,0.2572,0.1118,0.0907,0.4093,0.5504,0.0753,0.0633
L4_GPU_HighRAM,cuda,NVIDIA L4,52,True,LightGCN,LightGCN_BPR_r2,BPR,BPR,4.685543935560229e-05,4.7,0.1633,0.1651,0.0897,0.143,0.2984,0.3149,0.1345,0.109,0.4677,0.5907,0.1022,0.0874
L4_GPU_HighRAM,cuda,NVIDIA L4,52,True,LightGCN,LightGCN_BPR_r3,BPR,BPR,4.795321334655246e-05,5.07,0.1375,0.1412,0.0823,0.1237,0.2514,0.2696,0.1171,0.099,0.421,0.5536,0.082,0.0709
L4_GPU_HighRAM,cuda,NVIDIA L4,52,True,LightGCN,LightGCN_BPR_r4,BPR,BPR,5.105175079984607e-05,4.94,0.1405,0.1463,0.0823,0.1289,0.2607,0.2811,0.1164,0.1001,0.4199,0.5716,0.0851,0.0743
L4_GPU_HighRAM,cuda,NVIDIA L4,52,True,LightGCN,LightGCN_BPR_r5,BPR,BPR,2.964834969962792e-05,3.25,0.1666,0.1675,0.0928,0.143,0.2972,0.3165,0.1368,0.1133,0.4539,0.5992,0.1066,0.0894
L4_GPU_HighRAM,cuda,NVIDIA L4,52,True,LightGCN,LightGCN_BPR_r6,BPR,BPR,2.7602798259056025e-05,3.44,0.1278,0.1281,0.0668,0.109,0.2403,0.2571,0.1088,0.0883,0.3955,0.5217,0.0768,0.0631
L4_GPU_HighRAM,cuda,NVIDIA L4,52,True,LightGCN,LightGCN_CE_r1,CE,CE,8.034544821845555e-05,7.22,0.1286,0.1305,0.0757,0.1175,0.2379,0.2572,0.1118,0.0907,0.4093,0.5504,0.0753,0.0633
L4_GPU_HighRAM,cuda,NVIDIA L4,52,True,LightGCN,LightGCN_CE_r2,CE,CE,4.713520819611379e-05,4.69,0.1633,0.1651,0.0897,0.143,0.2984,0.3149,0.1345,0.109,0.4677,0.5907,0.1022,0.0874
L4_GPU_HighRAM,cuda,NVIDIA L4,52,True,LightGCN,LightGCN_CE_r3,CE,CE,4.786163154940392e-05,5.06,0.1375,0.1412,0.0823,0.1237,0.2514,0.2696,0.1171,0.099,0.421,0.5536,0.082,0.0709
L4_GPU_HighRAM,cuda,NVIDIA L4,52,True,LightGCN,LightGCN_CE_r4,CE,CE,5.277757445424027e-05,5.02,0.1405,0.1463,0.0823,0.1289,0.2607,0.2811,0.1164,0.1001,0.4199,0.5716,0.0851,0.0743
L4_GPU_HighRAM,cuda,NVIDIA L4,52,True,LightGCN,LightGCN_CE_r5,CE,CE,3.032122793772425e-05,3.36,0.1666,0.1675,0.0928,0.143,0.2972,0.3165,0.1368,0.1133,0.4539,0.5992,0.1066,0.0894
L4_GPU_HighRAM,cuda,NVIDIA L4,52,True,LightGCN,LightGCN_CE_r6,CE,CE,2.688583561972842e-05,3.33,0.1278,0.1281,0.0668,0.109,0.2403,0.2571,0.1088,0.0883,0.3955,0.5217,0.0768,0.0631
L4_GPU_HighRAM,cuda,NVIDIA L4,52,True,LightGCN,LightGCN_MSE_r1,MSE,MSE,7.437279619056607e-05,6.72,0.1286,0.1305,0.0757,0.1175,0.2379,0.2572,0.1118,0.0907,0.4093,0.5504,0.0753,0.0633
L4_GPU_HighRAM,cuda,NVIDIA L4,52,True,LightGCN,LightGCN_MSE_r2,MSE,MSE,4.731422893480917e-05,4.99,0.1633,0.1651,0.0897,0.143,0.2984,0.3149,0.1345,0.109,0.4677,0.5907,0.1022,0.0874
L4_GPU_HighRAM,cuda,NVIDIA L4,52,True,LightGCN,LightGCN_MSE_r3,MSE,MSE,4.775645473709875e-05,4.98,0.1375,0.1412,0.0823,0.1237,0.2514,0.2696,0.1171,0.099,0.421,0.5536,0.082,0.0709
L4_GPU_HighRAM,cuda,NVIDIA L4,52,True,LightGCN,LightGCN_MSE_r4,MSE,MSE,5.254817011963593e-05,5.02,0.1405,0.1463,0.0823,0.1289,0.2607,0.2811,0.1164,0.1001,0.4199,0.5716,0.0851,0.0743
L4_GPU_HighRAM,cuda,NVIDIA L4,52,True,LightGCN,LightGCN_MSE_r5,MSE,MSE,3.194519638818655e-05,3.64,0.1666,0.1675,0.0928,0.143,0.2972,0.3165,0.1368,0.1133,0.4539,0.5992,0.1066,0.0894
L4_GPU_HighRAM,cuda,NVIDIA L4,52,True,LightGCN,LightGCN_MSE_r6,MSE,MSE,2.673766245723784e-05,3.06,0.1278,0.1281,0.0668,0.109,0.2403,0.2571,0.1088,0.0883,0.3955,0.5217,0.0768,0.0631
L4_GPU_HighRAM,cuda,NVIDIA L4,52,True,NGCF,NGCF_BPR_r1,BPR,BPR,9.167685373412476e-05,7.72,0.0927,0.0997,0.0466,0.0829,0.1618,0.1816,0.0891,0.0836,0.316,0.4687,0.0529,0.0456
L4_GPU_HighRAM,cuda,NVIDIA L4,52,True,NGCF,NGCF_BPR_r2,BPR,BPR,5.284225435955345e-05,5.15,0.053,0.0589,0.0251,0.0478,0.0973,0.1138,0.0513,0.0508,0.1983,0.3234,0.0285,0.0245
L4_GPU_HighRAM,cuda,NVIDIA L4,52,True,NGCF,NGCF_BPR_r3,BPR,BPR,5.747762441105651e-05,5.14,0.0733,0.0824,0.0293,0.0669,0.1328,0.1527,0.0717,0.0733,0.2609,0.4136,0.0412,0.0355
L4_GPU_HighRAM,cuda,NVIDIA L4,52,True,NGCF,NGCF_BPR_r4,BPR,BPR,5.682112659438616e-05,5.42,0.0832,0.087,0.0366,0.0681,0.1496,0.1657,0.0793,0.0735,0.2853,0.4072,0.0476,0.0392
L4_GPU_HighRAM,cuda,NVIDIA L4,52,True,NGCF,NGCF_BPR_r5,BPR,BPR,2.9256268692270066e-05,3.41,0.0324,0.0384,0.0144,0.0298,0.0632,0.0774,0.0331,0.0364,0.1453,0.2513,0.0157,0.0139
L4_GPU_HighRAM,cuda,NVIDIA L4,52,True,NGCF,NGCF_BPR_r6,BPR,BPR,2.3677631938186828e-05,2.68,0.0382,0.0427,0.0169,0.0336,0.0725,0.0879,0.0361,0.0369,0.1432,0.2598,0.0207,0.0171
L4_GPU_HighRAM,cuda,NVIDIA L4,52,True,NGCF,NGCF_CE_r1,CE,CE,9.133635687085384e-05,7.63,0.0934,0.0996,0.0458,0.0824,0.1651,0.1849,0.0889,0.0821,0.3139,0.4655,0.0536,0.0458
L4_GPU_HighRAM,cuda,NVIDIA L4,52,True,NGCF,NGCF_CE_r2,CE,CE,5.346451575931567e-05,5.25,0.0523,0.0589,0.0248,0.0485,0.0967,0.1137,0.0503,0.0506,0.1951,0.3224,0.0281,0.0245
L4_GPU_HighRAM,cuda,NVIDIA L4,52,True,NGCF,NGCF_CE_r3,CE,CE,5.690001302319779e-05,5.1,0.0724,0.0811,0.0296,0.0651,0.1315,0.1504,0.071,0.0725,0.2619,0.4072,0.0403,0.0349
L4_GPU_HighRAM,cuda,NVIDIA L4,52,True,NGCF,NGCF_CE_r4,CE,CE,5.7877594644607055e-05,5.47,0.0818,0.0869,0.0344,0.0678,0.1486,0.1661,0.0772,0.073,0.2757,0.4072,0.0472,0.0392
L4_GPU_HighRAM,cuda,NVIDIA L4,52,True,NGCF,NGCF_CE_r5,CE,CE,2.922958439197183e-05,3.09,0.0324,0.0384,0.0144,0.0298,0.0632,0.0774,0.0331,0.0364,0.1453,0.2513,0.0157,0.0139
L4_GPU_HighRAM,cuda,NVIDIA L4,52,True,NGCF,NGCF_CE_r6,CE,CE,2.3582542436007463e-05,2.98,0.038,0.0426,0.0169,0.0337,0.0724,0.0876,0.0358,0.0368,0.1432,0.2587,0.0206,0.0171
L4_GPU_HighRAM,cuda,NVIDIA L4,52,True,NGCF,NGCF_MSE_r1,MSE,MSE,9.117787270447688e-05,7.92,0.0924,0.0985,0.0458,0.081,0.1615,0.1807,0.0882,0.0817,0.3097,0.4571,0.0532,0.0454
L4_GPU_HighRAM,cuda,NVIDIA L4,52,True,NGCF,NGCF_MSE_r2,MSE,MSE,5.354249192781071e-05,4.86,0.0528,0.0589,0.0251,0.0477,0.0977,0.1145,0.0507,0.0508,0.1983,0.3256,0.0284,0.0245
L4_GPU_HighRAM,cuda,NVIDIA L4,52,True,NGCF,NGCF_MSE_r3,MSE,MSE,4.791808179772953e-07,5.37,0.0722,0.0808,0.0288,0.0648,0.1305,0.1504,0.0706,0.0721,0.2545,0.4062,0.0406,0.0348
L4_GPU_HighRAM,cuda,NVIDIA L4,52,True,NGCF,NGCF_MSE_r4,MSE,MSE,5.754217535017968e-05,5.45,0.0831,0.0873,0.0365,0.0674,0.152,0.1687,0.0778,0.0732,0.2821,0.4062,0.0476,0.0395
L4_GPU_HighRAM,cuda,NVIDIA L4,52,True,NGCF,NGCF_MSE_r5,MSE,MSE,2.9234769829848992e-05,3.05,0.0324,0.0384,0.0144,0.0298,0.0632,0.0774,0.0331,0.0364,0.1453,0.2513,0.0157,0.0139
L4_GPU_HighRAM,cuda,NVIDIA L4,52,True,NGCF,NGCF_MSE_r6,MSE,MSE,2.3999716381856253e-05,3.01,0.0382,0.0427,0.0169,0.0336,0.0725,0.0879,0.0361,0.0369,0.1432,0.2598,0.0207,0.0171
L4_GPU_HighRAM,cuda,NVIDIA L4,52,True,NeuMF,NeuMF_BPR_r1,BPR,BPR,7.509264778937133e-05,7.03,0.2389,0.2377,0.1268,0.2007,0.3907,0.4091,0.2021,0.1626,0.5832,0.7158,0.1631,0.1382
L4_GPU_HighRAM,cuda,NVIDIA L4,52,True,NeuMF,NeuMF_BPR_r2,BPR,BPR,4.678295308955286e-05,4.49,0.1466,0.1506,0.0732,0.1249,0.2641,0.2839,0.1281,0.1093,0.4337,0.5801,0.0906,0.0768
L4_GPU_HighRAM,cuda,NVIDIA L4,52,True,NeuMF,NeuMF_BPR_r3,BPR,BPR,4.011332113595492e-05,4.29,0.2174,0.2157,0.1101,0.1746,0.3674,0.3852,0.1824,0.1495,0.5345,0.6649,0.1464,0.1225
L4_GPU_HighRAM,cuda,NVIDIA L4,52,True,NeuMF,NeuMF_BPR_r4,BPR,BPR,5.70940202090583e-05,5.24,0.2304,0.2296,0.1227,0.1935,0.3788,0.3956,0.1964,0.1584,0.5832,0.7094,0.1549,0.1317
L4_GPU_HighRAM,cuda,NVIDIA L4,52,True,NeuMF,NeuMF_BPR_r5,BPR,BPR,3.424132431585779e-05,3.51,0.1287,0.1339,0.0671,0.1157,0.2293,0.2482,0.1175,0.1018,0.4104,0.5536,0.0761,0.0649
L4_GPU_HighRAM,cuda,NVIDIA L4,52,True,NeuMF,NeuMF_BPR_r6,BPR,BPR,3.183625457498851e-05,3.68,0.1308,0.1319,0.0667,0.1037,0.2277,0.2438,0.1194,0.1004,0.4051,0.5217,0.0791,0.0666
L4_GPU_HighRAM,cuda,NVIDIA L4,52,True,NeuMF,NeuMF_CE_r1,CE,CE,7.253835706026208e-05,6.79,0.2389,0.2377,0.1268,0.2007,0.3907,0.4091,0.2021,0.1626,0.5832,0.7158,0.1631,0.1382
L4_GPU_HighRAM,cuda,NVIDIA L4,52,True,NeuMF,NeuMF_CE_r2,CE,CE,4.7644401383992246e-05,4.51,0.1466,0.1506,0.0732,0.1249,0.2641,0.2839,0.1281,0.1093,0.4337,0.5801,0.0906,0.0768
L4_GPU_HighRAM,cuda,NVIDIA L4,52,True,NeuMF,NeuMF_CE_r3,CE,CE,4.18674149860832e-05,4.46,0.2174,0.2157,0.1101,0.1746,0.3674,0.3852,0.1824,0.1495,0.5345,0.6649,0.1464,0.1225
L4_GPU_HighRAM,cuda,NVIDIA L4,52,True,NeuMF,NeuMF_CE_r4,CE,CE,5.726390969126614e-05,5.24,0.2304,0.2296,0.1227,0.1935,0.3788,0.3956,0.1964,0.1584,0.5832,0.7094,0.1549,0.1317
L4_GPU_HighRAM,cuda,NVIDIA L4,52,True,NeuMF,NeuMF_CE_r5,CE,CE,2.916403652195456e-07,4.14,0.1287,0.1339,0.0671,0.1157,0.2293,0.2482,0.1175,0.1018,0.4104,0.5536,0.0761,0.0649
L4_GPU_HighRAM,cuda,NVIDIA L4,52,True,NeuMF,NeuMF_CE_r6,CE,CE,3.237096156580127e-05,3.33,0.1308,0.1319,0.0667,0.1037,0.2277,0.2438,0.1194,0.1004,0.4051,0.5217,0.0791,0.0666
L4_GPU_HighRAM,cuda,NVIDIA L4,52,True,NeuMF,NeuMF_MSE_r1,MSE,MSE,7.244057098114904e-05,6.43,0.2389,0.2377,0.1268,0.2007,0.3907,0.4091,0.2021,0.1626,0.5832,0.7158,0.1631,0.1382
L4_GPU_HighRAM,cuda,NVIDIA L4,52,True,NeuMF,NeuMF_MSE_r2,MSE,MSE,4.8124682936939526e-05,4.85,0.1466,0.1506,0.0732,0.1249,0.2641,0.2839,0.1281,0.1093,0.4337,0.5801,0.0906,0.0768
L4_GPU_HighRAM,cuda,NVIDIA L4,52,True,NeuMF,NeuMF_MSE_r3,MSE,MSE,4.083680338866905e-05,3.99,0.2174,0.2157,0.1101,0.1746,0.3674,0.3852,0.1824,0.1495,0.5345,0.6649,0.1464,0.1225
L4_GPU_HighRAM,cuda,NVIDIA L4,52,True,NeuMF,NeuMF_MSE_r4,MSE,MSE,5.7151837250776e-05,5.57,0.2304,0.2296,0.1227,0.1935,0.3788,0.3956,0.1964,0.1584,0.5832,0.7094,0.1549,0.1317
L4_GPU_HighRAM,cuda,NVIDIA L4,52,True,NeuMF,NeuMF_MSE_r5,MSE,MSE,3.504826089532944e-05,3.84,0.1287,0.1339,0.0671,0.1157,0.2293,0.2482,0.1175,0.1018,0.4104,0.5536,0.0761,0.0649
L4_GPU_HighRAM,cuda,NVIDIA L4,52,True,NeuMF,NeuMF_MSE_r6,MSE,MSE,3.224371653938639e-05,3.26,0.1308,0.1319,0.0667,0.1037,0.2277,0.2438,0.1194,0.1004,0.4051,0.5217,0.0791,0.0666
L4_GPU_HighRAM,cuda,NVIDIA L4,52,True,Pop,Pop_s2024_r1,,,1.2741573989184454e-05,2.14,0.0532,0.0566,0.022,0.0414,0.1064,0.1207,0.0481,0.0469,0.1983,0.3054,0.029,0.0237
L4_GPU_HighRAM,cuda,NVIDIA L4,52,True,Pop,Pop_s2024_r2,,,1.2930415074512558e-05,1.8,0.1066,0.1118,0.0669,0.0996,0.1909,0.2065,0.0923,0.0778,0.3521,0.4687,0.062,0.0557
L4_GPU_HighRAM,cuda,NVIDIA L4,52,True,Pop,Pop_s2024_r3,,,1.42951125576068e-05,1.93,0.1174,0.1265,0.0712,0.1165,0.2066,0.2255,0.1052,0.092,0.3977,0.5366,0.068,0.0619
L4_GPU_HighRAM,cuda,NVIDIA L4,52,True,Pop,Pop_s2024_r4,,,1.7611663493047845e-05,2.51,0.1219,0.1278,0.0716,0.1118,0.2248,0.2448,0.1073,0.0938,0.3987,0.5408,0.0701,0.0612
L4_GPU_HighRAM,cuda,NVIDIA L4,52,True,Pop,Pop_s2024_r5,,,2.2597924603903627e-05,2.64,0.1272,0.1306,0.0726,0.1165,0.2346,0.2533,0.1122,0.0934,0.4062,0.544,0.0741,0.063
L4_GPU_HighRAM,cuda,NVIDIA L4,52,True,Pop,Pop_s2024_r6,,,3.316077663693887e-05,3.69,0.129,0.1322,0.0737,0.1159,0.2361,0.2558,0.113,0.0945,0.404,0.5451,0.0761,0.0644
L4_GPU_HighRAM,cuda,NVIDIA L4,52,True,Pop,Pop_s2025_r1,,,1.2451477750855573e-05,2.08,0.0374,0.0468,0.0145,0.0397,0.0718,0.0918,0.0388,0.0445,0.1622,0.3118,0.0188,0.017
L4_GPU_HighRAM,cuda,NVIDIA L4,52,True,Pop,Pop_s2025_r2,,,1.2974073599883664e-05,1.82,0.112,0.1167,0.0582,0.1032,0.1994,0.2198,0.1018,0.0873,0.3637,0.5196,0.0662,0.0556
L4_GPU_HighRAM,cuda,NVIDIA L4,52,True,Pop,Pop_s2025_r3,,,1.4324765564854126e-05,1.93,0.1191,0.1251,0.0694,0.1157,0.2128,0.234,0.109,0.0938,0.4019,0.5589,0.0681,0.0577
L4_GPU_HighRAM,cuda,NVIDIA L4,52,True,Pop,Pop_s2025_r4,,,1.7121112377780724e-05,2.56,0.1274,0.1312,0.0718,0.1148,0.227,0.2478,0.1135,0.0966,0.4072,0.5599,0.0754,0.0634
L4_GPU_HighRAM,cuda,NVIDIA L4,52,True,Pop,Pop_s2025_r5,,,2.260237144817914e-05,2.65,0.127,0.1304,0.0741,0.1143,0.2256,0.2458,0.1133,0.0959,0.4104,0.5578,0.0748,0.063
L4_GPU_HighRAM,cuda,NVIDIA L4,52,True,Pop,Pop_s2025_r6,,,3.3683310291937926e-05,3.75,0.1266,0.1301,0.073,0.1138,0.2254,0.246,0.1128,0.0953,0.4072,0.5589,0.0746,0.0628
L4_GPU_HighRAM,cuda,NVIDIA L4,52,True,Pop,Pop_s2026_r1,,,1.2774282514040304e-05,2.14,0.0489,0.0538,0.0219,0.0436,0.095,0.1119,0.0464,0.0449,0.1898,0.3171,0.0262,0.0218
L4_GPU_HighRAM,cuda,NVIDIA L4,52,True,Pop,Pop_s2026_r2,,,1.3102600842284147e-05,1.87,0.127,0.1318,0.0682,0.114,0.2303,0.2497,0.1122,0.096,0.4019,0.5451,0.0751,0.0643
L4_GPU_HighRAM,cuda,NVIDIA L4,52,True,Pop,Pop_s2026_r3,,,1.4478981216490055e-05,2.0,0.1375,0.1415,0.0732,0.1253,0.2539,0.2739,0.119,0.101,0.4199,0.5684,0.0822,0.069
L4_GPU_HighRAM,cuda,NVIDIA L4,52,True,Pop,Pop_s2026_r4,,,1.7673424526178044e-05,2.54,0.1365,0.1422,0.0782,0.1247,0.2487,0.2695,0.1181,0.1027,0.4199,0.5716,0.0814,0.0698
L4_GPU_HighRAM,cuda,NVIDIA L4,52,True,Pop,Pop_s2026_r5,,,2.3069520615633695e-05,2.63,0.1388,0.1434,0.0784,0.1252,0.2562,0.2762,0.1192,0.1025,0.4263,0.5758,0.0829,0.0706
L4_GPU_HighRAM,cuda,NVIDIA L4,52,True,Pop,Pop_s2026_r6,,,3.498976526305958e-05,3.86,0.1393,0.1446,0.0802,0.1266,0.2548,0.2753,0.119,0.1031,0.4263,0.5758,0.0834,0.0717
L4_GPU_HighRAM,cuda,NVIDIA L4,52,True,Random,Random_s2024_r1,,,8.93404414486518e-06,1.54,0.0075,0.0074,0.0031,0.005,0.0171,0.0204,0.0074,0.0066,0.0361,0.0626,0.0035,0.0024
L4_GPU_HighRAM,cuda,NVIDIA L4,52,True,Random,Random_s2024_r2,,,9.260517167961352e-06,1.92,0.0075,0.0074,0.0031,0.005,0.0171,0.0204,0.0074,0.0066,0.0361,0.0626,0.0035,0.0024
L4_GPU_HighRAM,cuda,NVIDIA L4,52,True,Random,Random_s2024_r3,,,1.030684630172948e-05,1.64,0.0075,0.0074,0.0031,0.005,0.0171,0.0204,0.0074,0.0066,0.0361,0.0626,0.0035,0.0024
L4_GPU_HighRAM,cuda,NVIDIA L4,52,True,Random,Random_s2024_r4,,,1.2642604302292157e-05,2.15,0.0075,0.0074,0.0031,0.005,0.0171,0.0204,0.0074,0.0066,0.0361,0.0626,0.0035,0.0024
L4_GPU_HighRAM,cuda,NVIDIA L4,52,True,Random,Random_s2024_r5,,,1.6704428218571443e-05,2.46,0.0075,0.0074,0.0031,0.005,0.0171,0.0204,0.0074,0.0066,0.0361,0.0626,0.0035,0.0024
L4_GPU_HighRAM,cuda,NVIDIA L4,52,True,Random,Random_s2024_r6,,,2.5140629832150115e-05,2.78,0.0075,0.0074,0.0031,0.005,0.0171,0.0204,0.0074,0.0066,0.0361,0.0626,0.0035,0.0024
L4_GPU_HighRAM,cuda,NVIDIA L4,52,True,Random,Random_s2025_r1,,,8.233870933019013e-06,1.51,0.0065,0.0077,0.0024,0.0055,0.0139,0.0186,0.0066,0.0074,0.0329,0.0689,0.0029,0.0024
L4_GPU_HighRAM,cuda,NVIDIA L4,52,True,Random,Random_s2025_r2,,,9.28112818615188e-06,1.93,0.0065,0.0077,0.0024,0.0055,0.0139,0.0186,0.0066,0.0074,0.0329,0.0689,0.0029,0.0024
L4_GPU_HighRAM,cuda,NVIDIA L4,52,True,Random,Random_s2025_r3,,,1.0861585942542189e-05,1.68,0.0065,0.0077,0.0024,0.0055,0.0139,0.0186,0.0066,0.0074,0.0329,0.0689,0.0029,0.0024
L4_GPU_HighRAM,cuda,NVIDIA L4,52,True,Random,Random_s2025_r4,,,1.2683481872558544e-05,2.13,0.0065,0.0077,0.0024,0.0055,0.0139,0.0186,0.0066,0.0074,0.0329,0.0689,0.0029,0.0024
L4_GPU_HighRAM,cuda,NVIDIA L4,52,True,Random,Random_s2025_r5,,,1.7242777985028452e-05,2.49,0.0065,0.0077,0.0024,0.0055,0.0139,0.0186,0.0066,0.0074,0.0329,0.0689,0.0029,0.0024
L4_GPU_HighRAM,cuda,NVIDIA L4,52,True,Random,Random_s2025_r6,,,2.509101976171812e-05,2.78,0.0065,0.0077,0.0024,0.0055,0.0139,0.0186,0.0066,0.0074,0.0329,0.0689,0.0029,0.0024
L4_GPU_HighRAM,cuda,NVIDIA L4,52,True,Random,Random_s2026_r1,,,9.755444453589286e-06,1.93,0.0077,0.0083,0.0028,0.0067,0.0172,0.021,0.0074,0.0072,0.0361,0.0668,0.0036,0.0028
L4_GPU_HighRAM,cuda,NVIDIA L4,52,True,Random,Random_s2026_r2,,,9.754765833925793e-06,1.59,0.0077,0.0083,0.0028,0.0067,0.0172,0.021,0.0074,0.0072,0.0361,0.0668,0.0036,0.0028
L4_GPU_HighRAM,cuda,NVIDIA L4,52,True,Random,Random_s2026_r3,,,1.030655298359768e-05,1.67,0.0077,0.0083,0.0028,0.0067,0.0172,0.021,0.0074,0.0072,0.0361,0.0668,0.0036,0.0028
L4_GPU_HighRAM,cuda,NVIDIA L4,52,True,Random,Random_s2026_r4,,,1.2563774251531493e-05,2.15,0.0077,0.0083,0.0028,0.0067,0.0172,0.021,0.0074,0.0072,0.0361,0.0668,0.0036,0.0028
L4_GPU_HighRAM,cuda,NVIDIA L4,52,True,Random,Random_s2026_r5,,,1.6745848155320526e-05,2.51,0.0077,0.0083,0.0028,0.0067,0.0172,0.021,0.0074,0.0072,0.0361,0.0668,0.0036,0.0028
L4_GPU_HighRAM,cuda,NVIDIA L4,52,True,Random,Random_s2026_r6,,,2.519174197088697e-05,2.79,0.0077,0.0083,0.0028,0.0067,0.0172,0.021,0.0074,0.0072,0.0361,0.0668,0.0036,0.0028
NVIDIA_RTX_PRO_6000_Blackwell_Server_Edition_HighRAM,cuda,NVIDIA RTX PRO 6000 Blackwell Server Edition,176,True,BPR,BPR_BPR_r1,BPR,BPR,2.459866462128896e-05,6.67,0.1635,0.1606,0.0852,0.1292,0.2926,0.3087,0.1406,0.1144,0.4592,0.5822,0.1025,0.0842
NVIDIA_RTX_PRO_6000_Blackwell_Server_Edition_HighRAM,cuda,NVIDIA RTX PRO 6000 Blackwell Server Edition,176,True,BPR,BPR_BPR_r2,BPR,BPR,9.02403449580786e-06,0.95,0.0522,0.0504,0.0181,0.0314,0.1038,0.1139,0.0498,0.0439,0.1888,0.2662,0.0285,0.0211
NVIDIA_RTX_PRO_6000_Blackwell_Server_Edition_HighRAM,cuda,NVIDIA RTX PRO 6000 Blackwell Server Edition,176,True,BPR,BPR_BPR_r3,BPR,BPR,8.204785161542116e-06,1.13,0.1412,0.1407,0.0584,0.107,0.2496,0.2688,0.1262,0.1085,0.386,0.5292,0.0907,0.0726
NVIDIA_RTX_PRO_6000_Blackwell_Server_Edition_HighRAM,cuda,NVIDIA RTX PRO 6000 Blackwell Server Edition,176,True,BPR,BPR_BPR_r4,BPR,BPR,1.0456278707780084e-05,1.08,0.1564,0.149,0.0633,0.1008,0.2765,0.2911,0.1364,0.1127,0.4019,0.5101,0.1028,0.0807
NVIDIA_RTX_PRO_6000_Blackwell_Server_Edition_HighRAM,cuda,NVIDIA RTX PRO 6000 Blackwell Server Edition,176,True,BPR,BPR_BPR_r5,BPR,BPR,7.054626478335505e-06,1.09,0.0964,0.0961,0.0346,0.065,0.181,0.1958,0.0899,0.0814,0.3022,0.4157,0.0572,0.045
NVIDIA_RTX_PRO_6000_Blackwell_Server_Edition_HighRAM,cuda,NVIDIA RTX PRO 6000 Blackwell Server Edition,176,True,BPR,BPR_BPR_r6,BPR,BPR,8.22508316475015e-06,0.84,0.0147,0.0141,0.0068,0.0108,0.031,0.0358,0.0142,0.0112,0.0657,0.1029,0.007,0.0051
NVIDIA_RTX_PRO_6000_Blackwell_Server_Edition_HighRAM,cuda,NVIDIA RTX PRO 6000 Blackwell Server Edition,176,True,BPR,BPR_CE_r1,CE,CE,1.4102340061889972e-05,1.29,0.1635,0.1606,0.0852,0.1292,0.2926,0.3087,0.1406,0.1144,0.4592,0.5822,0.1025,0.0842
NVIDIA_RTX_PRO_6000_Blackwell_Server_Edition_HighRAM,cuda,NVIDIA RTX PRO 6000 Blackwell Server Edition,176,True,BPR,BPR_CE_r2,CE,CE,9.773924453270885e-06,1.26,0.0522,0.0504,0.0181,0.0314,0.1038,0.1139,0.0498,0.0439,0.1888,0.2662,0.0285,0.0211
NVIDIA_RTX_PRO_6000_Blackwell_Server_Edition_HighRAM,cuda,NVIDIA RTX PRO 6000 Blackwell Server Edition,176,True,BPR,BPR_CE_r3,CE,CE,8.057217176436832e-06,1.13,0.1412,0.1407,0.0584,0.107,0.2496,0.2688,0.1262,0.1085,0.386,0.5292,0.0907,0.0726
NVIDIA_RTX_PRO_6000_Blackwell_Server_Edition_HighRAM,cuda,NVIDIA RTX PRO 6000 Blackwell Server Edition,176,True,BPR,BPR_CE_r4,CE,CE,1.1071755302329644e-05,1.04,0.1564,0.149,0.0633,0.1008,0.2765,0.2911,0.1364,0.1127,0.4019,0.5101,0.1028,0.0807
NVIDIA_RTX_PRO_6000_Blackwell_Server_Edition_HighRAM,cuda,NVIDIA RTX PRO 6000 Blackwell Server Edition,176,True,BPR,BPR_CE_r5,CE,CE,7.021549016658361e-06,0.77,0.0964,0.0961,0.0346,0.065,0.181,0.1958,0.0899,0.0814,0.3022,0.4157,0.0572,0.045
NVIDIA_RTX_PRO_6000_Blackwell_Server_Edition_HighRAM,cuda,NVIDIA RTX PRO 6000 Blackwell Server Edition,176,True,BPR,BPR_CE_r6,CE,CE,6.1707384111816925e-06,1.07,0.0147,0.0141,0.0068,0.0108,0.031,0.0358,0.0142,0.0112,0.0657,0.1029,0.007,0.0051
NVIDIA_RTX_PRO_6000_Blackwell_Server_Edition_HighRAM,cuda,NVIDIA RTX PRO 6000 Blackwell Server Edition,176,True,BPR,BPR_MSE_r1,MSE,MSE,1.40264532295318e-05,1.56,0.1635,0.1606,0.0852,0.1292,0.2926,0.3087,0.1406,0.1144,0.4592,0.5822,0.1025,0.0842
NVIDIA_RTX_PRO_6000_Blackwell_Server_Edition_HighRAM,cuda,NVIDIA RTX PRO 6000 Blackwell Server Edition,176,True,BPR,BPR_MSE_r2,MSE,MSE,9.73704962078639e-06,0.96,0.0522,0.0504,0.0181,0.0314,0.1038,0.1139,0.0498,0.0439,0.1888,0.2662,0.0285,0.0211
NVIDIA_RTX_PRO_6000_Blackwell_Server_Edition_HighRAM,cuda,NVIDIA RTX PRO 6000 Blackwell Server Edition,176,True,BPR,BPR_MSE_r3,MSE,MSE,8.235000321345654e-06,0.84,0.1412,0.1407,0.0584,0.107,0.2496,0.2688,0.1262,0.1085,0.386,0.5292,0.0907,0.0726
NVIDIA_RTX_PRO_6000_Blackwell_Server_Edition_HighRAM,cuda,NVIDIA RTX PRO 6000 Blackwell Server Edition,176,True,BPR,BPR_MSE_r4,MSE,MSE,1.116534508674171e-05,1.38,0.1564,0.149,0.0633,0.1008,0.2765,0.2911,0.1364,0.1127,0.4019,0.5101,0.1028,0.0807
NVIDIA_RTX_PRO_6000_Blackwell_Server_Edition_HighRAM,cuda,NVIDIA RTX PRO 6000 Blackwell Server Edition,176,True,BPR,BPR_MSE_r5,MSE,MSE,7.076272350394765e-06,1.08,0.0964,0.0961,0.0346,0.065,0.181,0.1958,0.0899,0.0814,0.3022,0.4157,0.0572,0.045
NVIDIA_RTX_PRO_6000_Blackwell_Server_Edition_HighRAM,cuda,NVIDIA RTX PRO 6000 Blackwell Server Edition,176,True,BPR,BPR_MSE_r6,MSE,MSE,7.074114420325408e-06,0.78,0.0147,0.0141,0.0068,0.0108,0.031,0.0358,0.0142,0.0112,0.0657,0.1029,0.007,0.0051
NVIDIA_RTX_PRO_6000_Blackwell_Server_Edition_HighRAM,cuda,NVIDIA RTX PRO 6000 Blackwell Server Edition,176,True,FM,FM_s2024_r1,,,3.792436803338512e-05,3.24,0.0386,0.0425,0.0145,0.0314,0.0744,0.0884,0.0375,0.0381,0.1432,0.2513,0.0209,0.0173
NVIDIA_RTX_PRO_6000_Blackwell_Server_Edition_HighRAM,cuda,NVIDIA RTX PRO 6000 Blackwell Server Edition,176,True,FM,FM_s2024_r2,,,2.8739621820332967e-05,2.29,0.0285,0.0293,0.0095,0.0188,0.0614,0.0709,0.0267,0.0258,0.1135,0.1856,0.015,0.0113
NVIDIA_RTX_PRO_6000_Blackwell_Server_Edition_HighRAM,cuda,NVIDIA RTX PRO 6000 Blackwell Server Edition,176,True,FM,FM_s2024_r3,,,2.0693237252241643e-05,1.76,0.0503,0.0511,0.0192,0.0374,0.0972,0.111,0.0473,0.0433,0.1771,0.281,0.0282,0.0213
NVIDIA_RTX_PRO_6000_Blackwell_Server_Edition_HighRAM,cuda,NVIDIA RTX PRO 6000 Blackwell Server Edition,176,True,FM,FM_s2024_r4,,,3.0865895994686475e-05,2.73,0.047,0.0499,0.018,0.0366,0.089,0.1042,0.0462,0.0438,0.1697,0.2789,0.0261,0.0211
NVIDIA_RTX_PRO_6000_Blackwell_Server_Edition_HighRAM,cuda,NVIDIA RTX PRO 6000 Blackwell Server Edition,176,True,FM,FM_s2024_r5,,,2.0675101533045444e-05,2.0,0.0474,0.0503,0.0176,0.0369,0.0946,0.1074,0.0435,0.0427,0.1654,0.2641,0.027,0.0215
NVIDIA_RTX_PRO_6000_Blackwell_Server_Edition_HighRAM,cuda,NVIDIA RTX PRO 6000 Blackwell Server Edition,176,True,FM,FM_s2024_r6,,,1.7942591446051645e-05,1.58,0.0169,0.0193,0.0072,0.0147,0.037,0.0458,0.0161,0.0172,0.0785,0.1463,0.0082,0.0067
NVIDIA_RTX_PRO_6000_Blackwell_Server_Edition_HighRAM,cuda,NVIDIA RTX PRO 6000 Blackwell Server Edition,176,True,FM,FM_s2025_r1,,,3.699030957926808e-05,2.86,0.0457,0.0441,0.0185,0.0308,0.0892,0.1001,0.0445,0.0376,0.1771,0.2598,0.0243,0.0181
NVIDIA_RTX_PRO_6000_Blackwell_Server_Edition_HighRAM,cuda,NVIDIA RTX PRO 6000 Blackwell Server Edition,176,True,FM,FM_s2025_r2,,,2.659376899991329e-05,2.51,0.0351,0.0366,0.0135,0.0267,0.0735,0.0856,0.0331,0.032,0.14,0.2365,0.0183,0.014
NVIDIA_RTX_PRO_6000_Blackwell_Server_Edition_HighRAM,cuda,NVIDIA RTX PRO 6000 Blackwell Server Edition,176,True,FM,FM_s2025_r3,,,2.292251759426025e-05,2.16,0.0415,0.0435,0.0162,0.0311,0.0788,0.0929,0.0405,0.0386,0.1516,0.2577,0.0228,0.0177
NVIDIA_RTX_PRO_6000_Blackwell_Server_Edition_HighRAM,cuda,NVIDIA RTX PRO 6000 Blackwell Server Edition,176,True,FM,FM_s2025_r4,,,2.9394901689385863e-05,2.31,0.0421,0.0457,0.0155,0.034,0.0762,0.0903,0.0435,0.0425,0.1633,0.2672,0.0232,0.0189
NVIDIA_RTX_PRO_6000_Blackwell_Server_Edition_HighRAM,cuda,NVIDIA RTX PRO 6000 Blackwell Server Edition,176,True,FM,FM_s2025_r5,,,2.0447046999084653e-05,1.69,0.0415,0.0393,0.0151,0.0263,0.0852,0.0938,0.0384,0.0323,0.1548,0.2216,0.023,0.0167
NVIDIA_RTX_PRO_6000_Blackwell_Server_Edition_HighRAM,cuda,NVIDIA RTX PRO 6000 Blackwell Server Edition,176,True,FM,FM_s2025_r6,,,1.8721284328521897e-05,1.89,0.0231,0.0257,0.0082,0.0181,0.0535,0.0658,0.0199,0.0226,0.0944,0.1888,0.0121,0.0093
NVIDIA_RTX_PRO_6000_Blackwell_Server_Edition_HighRAM,cuda,NVIDIA RTX PRO 6000 Blackwell Server Edition,176,True,FM,FM_s2026_r1,,,3.789855134049092e-05,2.9,0.0442,0.0469,0.0192,0.038,0.0833,0.0978,0.0441,0.0409,0.1771,0.2853,0.0234,0.0185
NVIDIA_RTX_PRO_6000_Blackwell_Server_Edition_HighRAM,cuda,NVIDIA RTX PRO 6000 Blackwell Server Edition,176,True,FM,FM_s2026_r2,,,2.6284610786762985e-05,2.42,0.033,0.0357,0.0138,0.0278,0.0632,0.0749,0.0335,0.0318,0.1389,0.2259,0.0166,0.0136
NVIDIA_RTX_PRO_6000_Blackwell_Server_Edition_HighRAM,cuda,NVIDIA RTX PRO 6000 Blackwell Server Edition,176,True,FM,FM_s2026_r3,,,2.158079195394173e-05,2.06,0.0643,0.0609,0.0255,0.0425,0.1231,0.1341,0.0596,0.0485,0.2206,0.3043,0.0362,0.0269
NVIDIA_RTX_PRO_6000_Blackwell_Server_Edition_HighRAM,cuda,NVIDIA RTX PRO 6000 Blackwell Server Edition,176,True,FM,FM_s2026_r4,,,2.968044033902656e-05,2.35,0.0529,0.0533,0.0198,0.0382,0.1046,0.1189,0.0484,0.044,0.1824,0.2906,0.0299,0.0227
NVIDIA_RTX_PRO_6000_Blackwell_Server_Edition_HighRAM,cuda,NVIDIA RTX PRO 6000 Blackwell Server Edition,176,True,FM,FM_s2026_r5,,,1.95482593340126e-05,1.66,0.0522,0.0509,0.0215,0.038,0.1012,0.1121,0.0496,0.0413,0.1941,0.2757,0.0287,0.0216
NVIDIA_RTX_PRO_6000_Blackwell_Server_Edition_HighRAM,cuda,NVIDIA RTX PRO 6000 Blackwell Server Edition,176,True,FM,FM_s2026_r6,,,1.894444110445555e-05,1.9,0.0115,0.0135,0.0055,0.0114,0.0201,0.0275,0.0138,0.0138,0.0626,0.1177,0.0048,0.0041
NVIDIA_RTX_PRO_6000_Blackwell_Server_Edition_HighRAM,cuda,NVIDIA RTX PRO 6000 Blackwell Server Edition,176,True,ItemKNN,ItemKNN_s2024_r1,,,8.980949373305887e-06,1.42,0.2556,0.2594,0.1456,0.2316,0.4017,0.4195,0.2221,0.1797,0.6246,0.7508,0.1747,0.152
NVIDIA_RTX_PRO_6000_Blackwell_Server_Edition_HighRAM,cuda,NVIDIA RTX PRO 6000 Blackwell Server Edition,176,True,ItemKNN,ItemKNN_s2024_r2,,,1.1420011635236154e-05,1.3,0.276,0.272,0.1489,0.2332,0.4365,0.4553,0.2363,0.1854,0.632,0.7699,0.193,0.161
NVIDIA_RTX_PRO_6000_Blackwell_Server_Edition_HighRAM,cuda,NVIDIA RTX PRO 6000 Blackwell Server Edition,176,True,ItemKNN,ItemKNN_s2024_r3,,,1.375682359038016e-05,1.47,0.2829,0.2787,0.1564,0.2395,0.4559,0.471,0.2382,0.186,0.6564,0.7699,0.1966,0.1663
NVIDIA_RTX_PRO_6000_Blackwell_Server_Edition_HighRAM,cuda,NVIDIA RTX PRO 6000 Blackwell Server Edition,176,True,ItemKNN,ItemKNN_s2024_r4,,,9.723070522661272e-06,1.43,0.2635,0.2675,0.1466,0.2351,0.4171,0.4354,0.2263,0.185,0.6235,0.7603,0.1822,0.1576
NVIDIA_RTX_PRO_6000_Blackwell_Server_Edition_HighRAM,cuda,NVIDIA RTX PRO 6000 Blackwell Server Edition,176,True,ItemKNN,ItemKNN_s2024_r5,,,1.265952073984829e-05,1.4,0.2755,0.2755,0.1512,0.2399,0.4354,0.4529,0.2373,0.19,0.6426,0.772,0.1904,0.1631
NVIDIA_RTX_PRO_6000_Blackwell_Server_Edition_HighRAM,cuda,NVIDIA RTX PRO 6000 Blackwell Server Edition,176,True,ItemKNN,ItemKNN_s2024_r6,,,1.3992336405393784e-05,1.81,0.284,0.2802,0.1588,0.2372,0.4619,0.4759,0.2339,0.1849,0.6649,0.7688,0.1974,0.1683
NVIDIA_RTX_PRO_6000_Blackwell_Server_Edition_HighRAM,cuda,NVIDIA RTX PRO 6000 Blackwell Server Edition,176,True,ItemKNN,ItemKNN_s2025_r1,,,9.772841496375073e-06,1.42,0.261,0.2618,0.1458,0.2269,0.428,0.4454,0.2214,0.1786,0.6373,0.7625,0.1755,0.1512
NVIDIA_RTX_PRO_6000_Blackwell_Server_Edition_HighRAM,cuda,NVIDIA RTX PRO 6000 Blackwell Server Edition,176,True,ItemKNN,ItemKNN_s2025_r2,,,1.134890158290825e-05,1.29,0.2744,0.2733,0.1447,0.233,0.4397,0.4579,0.2324,0.1861,0.6352,0.7699,0.1913,0.1625
NVIDIA_RTX_PRO_6000_Blackwell_Server_Edition_HighRAM,cuda,NVIDIA RTX PRO 6000 Blackwell Server Edition,176,True,ItemKNN,ItemKNN_s2025_r3,,,1.3138030702546198e-05,1.8,0.2763,0.2755,0.1484,0.2369,0.4412,0.4597,0.2331,0.1849,0.6267,0.7625,0.1935,0.1651
NVIDIA_RTX_PRO_6000_Blackwell_Server_Edition_HighRAM,cuda,NVIDIA RTX PRO 6000 Blackwell Server Edition,176,True,ItemKNN,ItemKNN_s2025_r4,,,9.69077647801607e-06,1.12,0.2655,0.2693,0.1408,0.2342,0.432,0.4544,0.2246,0.1857,0.6204,0.7815,0.1836,0.1569
NVIDIA_RTX_PRO_6000_Blackwell_Server_Edition_HighRAM,cuda,NVIDIA RTX PRO 6000 Blackwell Server Edition,176,True,ItemKNN,ItemKNN_s2025_r5,,,1.2564964509829752e-05,1.69,0.2749,0.2737,0.1517,0.2358,0.4376,0.4552,0.2346,0.1866,0.6458,0.7773,0.19,0.162
NVIDIA_RTX_PRO_6000_Blackwell_Server_Edition_HighRAM,cuda,NVIDIA RTX PRO 6000 Blackwell Server Edition,176,True,ItemKNN,ItemKNN_s2025_r6,,,1.3936383353190948e-05,1.51,0.2868,0.2816,0.1643,0.2409,0.4488,0.4655,0.2418,0.1869,0.6532,0.7709,0.2011,0.1707
NVIDIA_RTX_PRO_6000_Blackwell_Server_Edition_HighRAM,cuda,NVIDIA RTX PRO 6000 Blackwell Server Edition,176,True,ItemKNN,ItemKNN_s2026_r1,,,9.852049346869484e-06,1.43,0.2653,0.2675,0.1432,0.231,0.4258,0.4439,0.2267,0.1863,0.6352,0.7688,0.1807,0.1553
NVIDIA_RTX_PRO_6000_Blackwell_Server_Edition_HighRAM,cuda,NVIDIA RTX PRO 6000 Blackwell Server Edition,176,True,ItemKNN,ItemKNN_s2026_r2,,,1.204523832430579e-05,1.29,0.2793,0.2748,0.1467,0.2334,0.4429,0.4603,0.2384,0.1876,0.6437,0.772,0.1941,0.1626
NVIDIA_RTX_PRO_6000_Blackwell_Server_Edition_HighRAM,cuda,NVIDIA RTX PRO 6000 Blackwell Server Edition,176,True,ItemKNN,ItemKNN_s2026_r3,,,1.3919974360398815e-05,1.81,0.2833,0.2807,0.153,0.2388,0.4521,0.4699,0.2373,0.1891,0.6458,0.7826,0.1983,0.1671
NVIDIA_RTX_PRO_6000_Blackwell_Server_Edition_HighRAM,cuda,NVIDIA RTX PRO 6000 Blackwell Server Edition,176,True,ItemKNN,ItemKNN_s2026_r4,,,9.692584574584333e-06,1.13,0.2756,0.2735,0.1492,0.2339,0.4372,0.4533,0.2346,0.1881,0.6501,0.772,0.1893,0.161
NVIDIA_RTX_PRO_6000_Blackwell_Server_Edition_HighRAM,cuda,NVIDIA RTX PRO 6000 Blackwell Server Edition,176,True,ItemKNN,ItemKNN_s2026_r5,,,1.2545281298443602e-05,1.71,0.282,0.2787,0.146,0.2337,0.4493,0.4673,0.238,0.1897,0.6405,0.7709,0.1984,0.1662
NVIDIA_RTX_PRO_6000_Blackwell_Server_Edition_HighRAM,cuda,NVIDIA RTX PRO 6000 Blackwell Server Edition,176,True,ItemKNN,ItemKNN_s2026_r6,,,1.3937553878517951e-05,1.49,0.2896,0.2815,0.1568,0.2351,0.461,0.476,0.2392,0.1852,0.6522,0.7678,0.2039,0.1695
NVIDIA_RTX_PRO_6000_Blackwell_Server_Edition_HighRAM,cuda,NVIDIA RTX PRO 6000 Blackwell Server Edition,176,True,LightGCN,LightGCN_BPR_r1,BPR,BPR,4.420075776868487e-05,3.63,0.1286,0.1305,0.0757,0.1175,0.2379,0.2572,0.1118,0.0907,0.4093,0.5504,0.0753,0.0633
NVIDIA_RTX_PRO_6000_Blackwell_Server_Edition_HighRAM,cuda,NVIDIA RTX PRO 6000 Blackwell Server Edition,176,True,LightGCN,LightGCN_BPR_r2,BPR,BPR,1.7747430448563263e-05,1.53,0.1633,0.1651,0.0897,0.143,0.2984,0.3149,0.1345,0.109,0.4677,0.5907,0.1022,0.0874
NVIDIA_RTX_PRO_6000_Blackwell_Server_Edition_HighRAM,cuda,NVIDIA RTX PRO 6000 Blackwell Server Edition,176,True,LightGCN,LightGCN_BPR_r3,BPR,BPR,1.8976578777379836e-05,1.88,0.1375,0.1412,0.0823,0.1237,0.2514,0.2696,0.1171,0.099,0.421,0.5536,0.082,0.0709
NVIDIA_RTX_PRO_6000_Blackwell_Server_Edition_HighRAM,cuda,NVIDIA RTX PRO 6000 Blackwell Server Edition,176,True,LightGCN,LightGCN_BPR_r4,BPR,BPR,2.1689435938081527e-05,1.74,0.1405,0.1463,0.0823,0.1289,0.2607,0.2811,0.1164,0.1001,0.4199,0.5716,0.0851,0.0743
NVIDIA_RTX_PRO_6000_Blackwell_Server_Edition_HighRAM,cuda,NVIDIA RTX PRO 6000 Blackwell Server Edition,176,True,LightGCN,LightGCN_BPR_r5,BPR,BPR,1.1636556363117128e-05,1.13,0.1666,0.1675,0.0928,0.143,0.2972,0.3165,0.1368,0.1133,0.4539,0.5992,0.1066,0.0894
NVIDIA_RTX_PRO_6000_Blackwell_Server_Edition_HighRAM,cuda,NVIDIA RTX PRO 6000 Blackwell Server Edition,176,True,LightGCN,LightGCN_BPR_r6,BPR,BPR,1.0310884826859178e-05,1.31,0.1278,0.1281,0.0668,0.109,0.2403,0.2571,0.1088,0.0883,0.3955,0.5217,0.0768,0.0631
NVIDIA_RTX_PRO_6000_Blackwell_Server_Edition_HighRAM,cuda,NVIDIA RTX PRO 6000 Blackwell Server Edition,176,True,LightGCN,LightGCN_CE_r1,CE,CE,3.24032611324743e-05,2.72,0.1286,0.1305,0.0757,0.1175,0.2379,0.2572,0.1118,0.0907,0.4093,0.5504,0.0753,0.0633
NVIDIA_RTX_PRO_6000_Blackwell_Server_Edition_HighRAM,cuda,NVIDIA RTX PRO 6000 Blackwell Server Edition,176,True,LightGCN,LightGCN_CE_r2,CE,CE,1.8450210463441194e-05,1.54,0.1633,0.1651,0.0897,0.143,0.2984,0.3149,0.1345,0.109,0.4677,0.5907,0.1022,0.0874
NVIDIA_RTX_PRO_6000_Blackwell_Server_Edition_HighRAM,cuda,NVIDIA RTX PRO 6000 Blackwell Server Edition,176,True,LightGCN,LightGCN_CE_r3,CE,CE,1.907583545883888e-05,1.87,0.1375,0.1412,0.0823,0.1237,0.2514,0.2696,0.1171,0.099,0.421,0.5536,0.082,0.0709
NVIDIA_RTX_PRO_6000_Blackwell_Server_Edition_HighRAM,cuda,NVIDIA RTX PRO 6000 Blackwell Server Edition,176,True,LightGCN,LightGCN_CE_r4,CE,CE,2.190689266262392e-05,1.78,0.1405,0.1463,0.0823,0.1289,0.2607,0.2811,0.1164,0.1001,0.4199,0.5716,0.0851,0.0743
NVIDIA_RTX_PRO_6000_Blackwell_Server_Edition_HighRAM,cuda,NVIDIA RTX PRO 6000 Blackwell Server Edition,176,True,LightGCN,LightGCN_CE_r5,CE,CE,1.162607037677862e-05,1.41,0.1666,0.1675,0.0928,0.143,0.2972,0.3165,0.1368,0.1133,0.4539,0.5992,0.1066,0.0894
NVIDIA_RTX_PRO_6000_Blackwell_Server_Edition_HighRAM,cuda,NVIDIA RTX PRO 6000 Blackwell Server Edition,176,True,LightGCN,LightGCN_CE_r6,CE,CE,1.0911764278954402e-05,1.02,0.1278,0.1281,0.0668,0.109,0.2403,0.2571,0.1088,0.0883,0.3955,0.5217,0.0768,0.0631
NVIDIA_RTX_PRO_6000_Blackwell_Server_Edition_HighRAM,cuda,NVIDIA RTX PRO 6000 Blackwell Server Edition,176,True,LightGCN,LightGCN_MSE_r1,MSE,MSE,3.126154825527714e-05,2.38,0.1286,0.1305,0.0757,0.1175,0.2379,0.2572,0.1118,0.0907,0.4093,0.5504,0.0753,0.0633
NVIDIA_RTX_PRO_6000_Blackwell_Server_Edition_HighRAM,cuda,NVIDIA RTX PRO 6000 Blackwell Server Edition,176,True,LightGCN,LightGCN_MSE_r2,MSE,MSE,1.859527697621849e-05,1.84,0.1633,0.1651,0.0897,0.143,0.2984,0.3149,0.1345,0.109,0.4677,0.5907,0.1022,0.0874
NVIDIA_RTX_PRO_6000_Blackwell_Server_Edition_HighRAM,cuda,NVIDIA RTX PRO 6000 Blackwell Server Edition,176,True,LightGCN,LightGCN_MSE_r3,MSE,MSE,1.939072549440764e-05,1.92,0.1375,0.1412,0.0823,0.1237,0.2514,0.2696,0.1171,0.099,0.421,0.5536,0.082,0.0709
NVIDIA_RTX_PRO_6000_Blackwell_Server_Edition_HighRAM,cuda,NVIDIA RTX PRO 6000 Blackwell Server Edition,176,True,LightGCN,LightGCN_MSE_r4,MSE,MSE,2.25804525553024e-05,1.75,0.1405,0.1463,0.0823,0.1289,0.2607,0.2811,0.1164,0.1001,0.4199,0.5716,0.0851,0.0743
NVIDIA_RTX_PRO_6000_Blackwell_Server_Edition_HighRAM,cuda,NVIDIA RTX PRO 6000 Blackwell Server Edition,176,True,LightGCN,LightGCN_MSE_r5,MSE,MSE,1.17441616539921e-05,1.1,0.1666,0.1675,0.0928,0.143,0.2972,0.3165,0.1368,0.1133,0.4539,0.5992,0.1066,0.0894
NVIDIA_RTX_PRO_6000_Blackwell_Server_Edition_HighRAM,cuda,NVIDIA RTX PRO 6000 Blackwell Server Edition,176,True,LightGCN,LightGCN_MSE_r6,MSE,MSE,1.0331729042168518e-05,1.35,0.1278,0.1281,0.0668,0.109,0.2403,0.2571,0.1088,0.0883,0.3955,0.5217,0.0768,0.0631
NVIDIA_RTX_PRO_6000_Blackwell_Server_Edition_HighRAM,cuda,NVIDIA RTX PRO 6000 Blackwell Server Edition,176,True,NGCF,NGCF_BPR_r1,BPR,BPR,4.156896740176121e-05,3.17,0.0925,0.0979,0.0456,0.0816,0.1618,0.1804,0.0895,0.0814,0.3181,0.4634,0.0525,0.0445
NVIDIA_RTX_PRO_6000_Blackwell_Server_Edition_HighRAM,cuda,NVIDIA RTX PRO 6000 Blackwell Server Edition,176,True,NGCF,NGCF_BPR_r2,BPR,BPR,2.2271251898395986e-05,1.71,0.0522,0.0591,0.0248,0.0477,0.0974,0.1147,0.0496,0.0509,0.1941,0.3256,0.0282,0.0246
NVIDIA_RTX_PRO_6000_Blackwell_Server_Edition_HighRAM,cuda,NVIDIA RTX PRO 6000 Blackwell Server Edition,176,True,NGCF,NGCF_BPR_r3,BPR,BPR,2.5719097995429034e-05,1.82,0.0746,0.0828,0.0306,0.0672,0.1348,0.1537,0.0732,0.0735,0.2672,0.4146,0.0415,0.0357
NVIDIA_RTX_PRO_6000_Blackwell_Server_Edition_HighRAM,cuda,NVIDIA RTX PRO 6000 Blackwell Server Edition,176,True,NGCF,NGCF_BPR_r4,BPR,BPR,2.4912326095091832e-05,2.14,0.0814,0.0865,0.0362,0.0687,0.1474,0.1642,0.0774,0.0734,0.281,0.4072,0.0461,0.0385
NVIDIA_RTX_PRO_6000_Blackwell_Server_Edition_HighRAM,cuda,NVIDIA RTX PRO 6000 Blackwell Server Edition,176,True,NGCF,NGCF_BPR_r5,BPR,BPR,1.2330363117792706e-05,1.06,0.0324,0.0384,0.0144,0.0298,0.0632,0.0774,0.0331,0.0364,0.1453,0.2513,0.0157,0.0139
NVIDIA_RTX_PRO_6000_Blackwell_Server_Edition_HighRAM,cuda,NVIDIA RTX PRO 6000 Blackwell Server Edition,176,True,NGCF,NGCF_BPR_r6,BPR,BPR,9.496257687435868e-06,1.21,0.0382,0.0427,0.0169,0.0336,0.0725,0.0879,0.0361,0.0369,0.1432,0.2598,0.0207,0.0171
NVIDIA_RTX_PRO_6000_Blackwell_Server_Edition_HighRAM,cuda,NVIDIA RTX PRO 6000 Blackwell Server Edition,176,True,NGCF,NGCF_CE_r1,CE,CE,4.005965134400018e-05,3.02,0.0931,0.0991,0.0468,0.0813,0.1633,0.1829,0.0889,0.0828,0.3139,0.4666,0.0534,0.0454
NVIDIA_RTX_PRO_6000_Blackwell_Server_Edition_HighRAM,cuda,NVIDIA RTX PRO 6000 Blackwell Server Edition,176,True,NGCF,NGCF_CE_r2,CE,CE,2.237592905963376e-05,1.68,0.053,0.0589,0.0251,0.0479,0.0975,0.1139,0.0513,0.0509,0.1983,0.3224,0.0285,0.0245
NVIDIA_RTX_PRO_6000_Blackwell_Server_Edition_HighRAM,cuda,NVIDIA RTX PRO 6000 Blackwell Server Edition,176,True,NGCF,NGCF_CE_r3,CE,CE,2.581697391135316e-05,2.15,0.0733,0.0824,0.0293,0.0669,0.1328,0.1527,0.0717,0.0733,0.2609,0.4136,0.0412,0.0355
NVIDIA_RTX_PRO_6000_Blackwell_Server_Edition_HighRAM,cuda,NVIDIA RTX PRO 6000 Blackwell Server Edition,176,True,NGCF,NGCF_CE_r4,CE,CE,2.4940256869505774e-05,1.79,0.0818,0.0871,0.0354,0.0687,0.1484,0.1661,0.0772,0.0734,0.2768,0.4104,0.0468,0.0392
NVIDIA_RTX_PRO_6000_Blackwell_Server_Edition_HighRAM,cuda,NVIDIA RTX PRO 6000 Blackwell Server Edition,176,True,NGCF,NGCF_CE_r5,CE,CE,1.1691890186949448e-05,1.04,0.0324,0.0384,0.0144,0.0298,0.0632,0.0774,0.0331,0.0364,0.1453,0.2513,0.0157,0.0139
NVIDIA_RTX_PRO_6000_Blackwell_Server_Edition_HighRAM,cuda,NVIDIA RTX PRO 6000 Blackwell Server Edition,176,True,NGCF,NGCF_CE_r6,CE,CE,9.35402538791519e-06,1.21,0.0382,0.0427,0.0169,0.0336,0.0725,0.0879,0.0361,0.0369,0.1432,0.2598,0.0207,0.0171
NVIDIA_RTX_PRO_6000_Blackwell_Server_Edition_HighRAM,cuda,NVIDIA RTX PRO 6000 Blackwell Server Edition,176,True,NGCF,NGCF_MSE_r1,MSE,MSE,4.1125578473660605e-05,2.74,0.0927,0.0989,0.0451,0.0816,0.163,0.1822,0.0887,0.0821,0.3139,0.4602,0.0531,0.0455
NVIDIA_RTX_PRO_6000_Blackwell_Server_Edition_HighRAM,cuda,NVIDIA RTX PRO 6000 Blackwell Server Edition,176,True,NGCF,NGCF_MSE_r2,MSE,MSE,2.2542099109914888e-05,1.99,0.053,0.0594,0.0252,0.0483,0.0978,0.115,0.0509,0.0511,0.1972,0.3266,0.0286,0.0247
NVIDIA_RTX_PRO_6000_Blackwell_Server_Edition_HighRAM,cuda,NVIDIA RTX PRO 6000 Blackwell Server Edition,176,True,NGCF,NGCF_MSE_r3,MSE,MSE,2.6088951531169824e-05,2.18,0.0739,0.0826,0.0299,0.066,0.1352,0.1554,0.0715,0.0733,0.2598,0.4157,0.0416,0.0356
NVIDIA_RTX_PRO_6000_Blackwell_Server_Edition_HighRAM,cuda,NVIDIA RTX PRO 6000 Blackwell Server Edition,176,True,NGCF,NGCF_MSE_r4,MSE,MSE,2.5189954017607787e-05,1.83,0.0818,0.0861,0.0362,0.0658,0.1485,0.1654,0.077,0.0727,0.2768,0.4019,0.0469,0.0388
NVIDIA_RTX_PRO_6000_Blackwell_Server_Edition_HighRAM,cuda,NVIDIA RTX PRO 6000 Blackwell Server Edition,176,True,NGCF,NGCF_MSE_r5,MSE,MSE,1.1570275543646364e-05,1.04,0.0324,0.0384,0.0144,0.0298,0.0632,0.0774,0.0331,0.0364,0.1453,0.2513,0.0157,0.0139
NVIDIA_RTX_PRO_6000_Blackwell_Server_Edition_HighRAM,cuda,NVIDIA RTX PRO 6000 Blackwell Server Edition,176,True,NGCF,NGCF_MSE_r6,MSE,MSE,9.664225699909352e-06,1.27,0.0382,0.0427,0.0169,0.0336,0.0725,0.0879,0.0361,0.0369,0.1432,0.2598,0.0207,0.0171
NVIDIA_RTX_PRO_6000_Blackwell_Server_Edition_HighRAM,cuda,NVIDIA RTX PRO 6000 Blackwell Server Edition,176,True,NeuMF,NeuMF_BPR_r1,BPR,BPR,3.5782276044061935e-05,2.69,0.2385,0.2377,0.1267,0.2006,0.3889,0.4077,0.2017,0.1629,0.5811,0.7147,0.163,0.1384
NVIDIA_RTX_PRO_6000_Blackwell_Server_Edition_HighRAM,cuda,NVIDIA RTX PRO 6000 Blackwell Server Edition,176,True,NeuMF,NeuMF_BPR_r2,BPR,BPR,1.8660260649362626e-05,1.51,0.1468,0.1505,0.0733,0.1248,0.2644,0.284,0.1283,0.1092,0.4348,0.5801,0.0906,0.0768
NVIDIA_RTX_PRO_6000_Blackwell_Server_Edition_HighRAM,cuda,NVIDIA RTX PRO 6000 Blackwell Server Edition,176,True,NeuMF,NeuMF_BPR_r3,BPR,BPR,1.6290842411454567e-05,1.65,0.2176,0.2156,0.1102,0.1745,0.3672,0.3849,0.1828,0.1494,0.5345,0.6649,0.1466,0.1225
NVIDIA_RTX_PRO_6000_Blackwell_Server_Edition_HighRAM,cuda,NVIDIA RTX PRO 6000 Blackwell Server Edition,176,True,NeuMF,NeuMF_BPR_r4,BPR,BPR,2.262760816915815e-05,1.78,0.2304,0.2298,0.1227,0.1941,0.379,0.3958,0.1964,0.1585,0.5832,0.7094,0.155,0.1318
NVIDIA_RTX_PRO_6000_Blackwell_Server_Edition_HighRAM,cuda,NVIDIA RTX PRO 6000 Blackwell Server Edition,176,True,NeuMF,NeuMF_BPR_r5,BPR,BPR,1.3800639546087037e-05,1.2,0.1291,0.1339,0.0679,0.1157,0.2296,0.2482,0.1179,0.1018,0.4125,0.5536,0.0762,0.065
NVIDIA_RTX_PRO_6000_Blackwell_Server_Edition_HighRAM,cuda,NVIDIA RTX PRO 6000 Blackwell Server Edition,176,True,NeuMF,NeuMF_BPR_r6,BPR,BPR,1.2779912891259455e-05,1.4,0.1315,0.1327,0.066,0.1048,0.2311,0.2482,0.1192,0.1005,0.403,0.526,0.08,0.0667
NVIDIA_RTX_PRO_6000_Blackwell_Server_Edition_HighRAM,cuda,NVIDIA RTX PRO 6000 Blackwell Server Edition,176,True,NeuMF,NeuMF_CE_r1,CE,CE,3.332539608051416e-05,2.52,0.2385,0.2377,0.1267,0.2006,0.3889,0.4077,0.2017,0.1629,0.5811,0.7147,0.163,0.1384
NVIDIA_RTX_PRO_6000_Blackwell_Server_Edition_HighRAM,cuda,NVIDIA RTX PRO 6000 Blackwell Server Edition,176,True,NeuMF,NeuMF_CE_r2,CE,CE,1.876707668781849e-05,1.51,0.1468,0.1505,0.0733,0.1248,0.2644,0.284,0.1283,0.1092,0.4348,0.5801,0.0906,0.0768
NVIDIA_RTX_PRO_6000_Blackwell_Server_Edition_HighRAM,cuda,NVIDIA RTX PRO 6000 Blackwell Server Edition,176,True,NeuMF,NeuMF_CE_r3,CE,CE,1.655236665984054e-05,1.65,0.2176,0.2156,0.1102,0.1745,0.3672,0.3849,0.1828,0.1494,0.5345,0.6649,0.1466,0.1225
NVIDIA_RTX_PRO_6000_Blackwell_Server_Edition_HighRAM,cuda,NVIDIA RTX PRO 6000 Blackwell Server Edition,176,True,NeuMF,NeuMF_CE_r4,CE,CE,2.272137006831121e-05,1.78,0.2304,0.2298,0.1227,0.1941,0.379,0.3958,0.1964,0.1585,0.5832,0.7094,0.155,0.1318
NVIDIA_RTX_PRO_6000_Blackwell_Server_Edition_HighRAM,cuda,NVIDIA RTX PRO 6000 Blackwell Server Edition,176,True,NeuMF,NeuMF_CE_r5,CE,CE,1.3891515230953706e-05,1.47,0.1291,0.1339,0.0679,0.1157,0.2296,0.2482,0.1179,0.1018,0.4125,0.5536,0.0762,0.065
NVIDIA_RTX_PRO_6000_Blackwell_Server_Edition_HighRAM,cuda,NVIDIA RTX PRO 6000 Blackwell Server Edition,176,True,NeuMF,NeuMF_CE_r6,CE,CE,1.3501036040597524e-05,1.11,0.1315,0.1327,0.066,0.1048,0.2311,0.2482,0.1192,0.1005,0.403,0.526,0.08,0.0667
NVIDIA_RTX_PRO_6000_Blackwell_Server_Edition_HighRAM,cuda,NVIDIA RTX PRO 6000 Blackwell Server Edition,176,True,NeuMF,NeuMF_MSE_r1,MSE,MSE,2.9245205896925667e-05,2.51,0.2385,0.2377,0.1267,0.2006,0.3889,0.4077,0.2017,0.1629,0.5811,0.7147,0.163,0.1384
NVIDIA_RTX_PRO_6000_Blackwell_Server_Edition_HighRAM,cuda,NVIDIA RTX PRO 6000 Blackwell Server Edition,176,True,NeuMF,NeuMF_MSE_r2,MSE,MSE,1.9166154105261395e-05,1.52,0.1468,0.1505,0.0733,0.1248,0.2644,0.284,0.1283,0.1092,0.4348,0.5801,0.0906,0.0768
NVIDIA_RTX_PRO_6000_Blackwell_Server_Edition_HighRAM,cuda,NVIDIA RTX PRO 6000 Blackwell Server Edition,176,True,NeuMF,NeuMF_MSE_r3,MSE,MSE,1.6658751053337915e-05,1.37,0.2176,0.2156,0.1102,0.1745,0.3672,0.3849,0.1828,0.1494,0.5345,0.6649,0.1466,0.1225
NVIDIA_RTX_PRO_6000_Blackwell_Server_Edition_HighRAM,cuda,NVIDIA RTX PRO 6000 Blackwell Server Edition,176,True,NeuMF,NeuMF_MSE_r4,MSE,MSE,2.2922168131542463e-05,2.12,0.2304,0.2298,0.1227,0.1941,0.379,0.3958,0.1964,0.1585,0.5832,0.7094,0.155,0.1318
NVIDIA_RTX_PRO_6000_Blackwell_Server_Edition_HighRAM,cuda,NVIDIA RTX PRO 6000 Blackwell Server Edition,176,True,NeuMF,NeuMF_MSE_r5,MSE,MSE,1.3850673336112605e-05,1.21,0.1291,0.1339,0.0679,0.1157,0.2296,0.2482,0.1179,0.1018,0.4125,0.5536,0.0762,0.065
NVIDIA_RTX_PRO_6000_Blackwell_Server_Edition_HighRAM,cuda,NVIDIA RTX PRO 6000 Blackwell Server Edition,176,True,NeuMF,NeuMF_MSE_r6,MSE,MSE,1.278966414931866e-05,1.4,0.1315,0.1327,0.066,0.1048,0.2311,0.2482,0.1192,0.1005,0.403,0.526,0.08,0.0667
NVIDIA_RTX_PRO_6000_Blackwell_Server_Edition_HighRAM,cuda,NVIDIA RTX PRO 6000 Blackwell Server Edition,176,True,Pop,Pop_s2024_r1,,,5.258204106327221e-06,0.63,0.0532,0.0566,0.022,0.0414,0.1064,0.1207,0.0481,0.0469,0.1983,0.3054,0.029,0.0237
NVIDIA_RTX_PRO_6000_Blackwell_Server_Edition_HighRAM,cuda,NVIDIA RTX PRO 6000 Blackwell Server Edition,176,True,Pop,Pop_s2024_r2,,,5.22182029751523e-06,0.9,0.1066,0.1118,0.0669,0.0996,0.1909,0.2065,0.0923,0.0778,0.3521,0.4687,0.062,0.0557
NVIDIA_RTX_PRO_6000_Blackwell_Server_Edition_HighRAM,cuda,NVIDIA RTX PRO 6000 Blackwell Server Edition,176,True,Pop,Pop_s2024_r3,,,5.454114452202778e-06,0.93,0.1174,0.1265,0.0712,0.1165,0.2066,0.2255,0.1052,0.092,0.3977,0.5366,0.068,0.0619
NVIDIA_RTX_PRO_6000_Blackwell_Server_Edition_HighRAM,cuda,NVIDIA RTX PRO 6000 Blackwell Server Edition,176,True,Pop,Pop_s2024_r4,,,5.91294983164122e-06,0.72,0.1219,0.1278,0.0716,0.1118,0.2248,0.2448,0.1073,0.0938,0.3987,0.5408,0.0701,0.0612
NVIDIA_RTX_PRO_6000_Blackwell_Server_Edition_HighRAM,cuda,NVIDIA RTX PRO 6000 Blackwell Server Edition,176,True,Pop,Pop_s2024_r5,,,8.256650849314104e-06,1.15,0.1272,0.1306,0.0726,0.1165,0.2346,0.2533,0.1122,0.0934,0.4062,0.544,0.0741,0.063
NVIDIA_RTX_PRO_6000_Blackwell_Server_Edition_HighRAM,cuda,NVIDIA RTX PRO 6000 Blackwell Server Edition,176,True,Pop,Pop_s2024_r6,,,1.2390924017384109e-05,1.13,0.129,0.1322,0.0737,0.1159,0.2361,0.2558,0.113,0.0945,0.404,0.5451,0.0761,0.0644
NVIDIA_RTX_PRO_6000_Blackwell_Server_Edition_HighRAM,cuda,NVIDIA RTX PRO 6000 Blackwell Server Edition,176,True,Pop,Pop_s2025_r1,,,4.509798158603161e-06,0.94,0.0374,0.0468,0.0145,0.0397,0.0718,0.0918,0.0388,0.0445,0.1622,0.3118,0.0188,0.017
NVIDIA_RTX_PRO_6000_Blackwell_Server_Edition_HighRAM,cuda,NVIDIA RTX PRO 6000 Blackwell Server Edition,176,True,Pop,Pop_s2025_r2,,,4.537686415812979e-06,0.62,0.112,0.1167,0.0582,0.1032,0.1994,0.2198,0.1018,0.0873,0.3637,0.5196,0.0662,0.0556
NVIDIA_RTX_PRO_6000_Blackwell_Server_Edition_HighRAM,cuda,NVIDIA RTX PRO 6000 Blackwell Server Edition,176,True,Pop,Pop_s2025_r3,,,5.446503772479503e-06,0.64,0.1191,0.1251,0.0694,0.1157,0.2128,0.234,0.109,0.0938,0.4019,0.5589,0.0681,0.0577
NVIDIA_RTX_PRO_6000_Blackwell_Server_Edition_HighRAM,cuda,NVIDIA RTX PRO 6000 Blackwell Server Edition,176,True,Pop,Pop_s2025_r4,,,5.8840758134148864e-06,1.04,0.1274,0.1312,0.0718,0.1148,0.227,0.2478,0.1135,0.0966,0.4072,0.5599,0.0754,0.0634
NVIDIA_RTX_PRO_6000_Blackwell_Server_Edition_HighRAM,cuda,NVIDIA RTX PRO 6000 Blackwell Server Edition,176,True,Pop,Pop_s2025_r5,,,8.406400264361393e-06,0.87,0.127,0.1304,0.0741,0.1143,0.2256,0.2458,0.1133,0.0959,0.4104,0.5578,0.0748,0.063
NVIDIA_RTX_PRO_6000_Blackwell_Server_Edition_HighRAM,cuda,NVIDIA RTX PRO 6000 Blackwell Server Edition,176,True,Pop,Pop_s2025_r6,,,1.1710312119422486e-05,1.43,0.1266,0.1301,0.073,0.1138,0.2254,0.246,0.1128,0.0953,0.4072,0.5589,0.0746,0.0628
NVIDIA_RTX_PRO_6000_Blackwell_Server_Edition_HighRAM,cuda,NVIDIA RTX PRO 6000 Blackwell Server Edition,176,True,Pop,Pop_s2026_r1,,,5.155793153027983e-06,0.9,0.0489,0.0538,0.0219,0.0436,0.095,0.1119,0.0464,0.0449,0.1898,0.3171,0.0262,0.0218
NVIDIA_RTX_PRO_6000_Blackwell_Server_Edition_HighRAM,cuda,NVIDIA RTX PRO 6000 Blackwell Server Edition,176,True,Pop,Pop_s2026_r2,,,5.295330093524424e-06,0.62,0.127,0.1318,0.0682,0.114,0.2303,0.2497,0.1122,0.096,0.4019,0.5451,0.0751,0.0643
NVIDIA_RTX_PRO_6000_Blackwell_Server_Edition_HighRAM,cuda,NVIDIA RTX PRO 6000 Blackwell Server Edition,176,True,Pop,Pop_s2026_r3,,,5.551775760350552e-06,0.65,0.1375,0.1415,0.0732,0.1253,0.2539,0.2739,0.119,0.101,0.4199,0.5684,0.0822,0.069
NVIDIA_RTX_PRO_6000_Blackwell_Server_Edition_HighRAM,cuda,NVIDIA RTX PRO 6000 Blackwell Server Edition,176,True,Pop,Pop_s2026_r4,,,5.93282938290419e-06,1.05,0.1365,0.1422,0.0782,0.1247,0.2487,0.2695,0.1181,0.1027,0.4199,0.5716,0.0814,0.0698
NVIDIA_RTX_PRO_6000_Blackwell_Server_Edition_HighRAM,cuda,NVIDIA RTX PRO 6000 Blackwell Server Edition,176,True,Pop,Pop_s2026_r5,,,8.341684485998812e-06,0.88,0.1388,0.1434,0.0784,0.1252,0.2562,0.2762,0.1192,0.1025,0.4263,0.5758,0.0829,0.0706
NVIDIA_RTX_PRO_6000_Blackwell_Server_Edition_HighRAM,cuda,NVIDIA RTX PRO 6000 Blackwell Server Edition,176,True,Pop,Pop_s2026_r6,,,1.1540406935160756e-05,1.42,0.1393,0.1446,0.0802,0.1266,0.2548,0.2753,0.119,0.1031,0.4263,0.5758,0.0834,0.0717
NVIDIA_RTX_PRO_6000_Blackwell_Server_Edition_HighRAM,cuda,NVIDIA RTX PRO 6000 Blackwell Server Edition,176,True,Random,Random_s2024_r1,,,1.8976194397380869e-06,0.44,0.0075,0.0074,0.0031,0.005,0.0171,0.0204,0.0074,0.0066,0.0361,0.0626,0.0035,0.0024
NVIDIA_RTX_PRO_6000_Blackwell_Server_Edition_HighRAM,cuda,NVIDIA RTX PRO 6000 Blackwell Server Edition,176,True,Random,Random_s2024_r2,,,1.9383269728432536e-06,0.79,0.0075,0.0074,0.0031,0.005,0.0171,0.0204,0.0074,0.0066,0.0361,0.0626,0.0035,0.0024
NVIDIA_RTX_PRO_6000_Blackwell_Server_Edition_HighRAM,cuda,NVIDIA RTX PRO 6000 Blackwell Server Edition,176,True,Random,Random_s2024_r3,,,2.7675241634785154e-06,0.48,0.0075,0.0074,0.0031,0.005,0.0171,0.0204,0.0074,0.0066,0.0361,0.0626,0.0035,0.0024
NVIDIA_RTX_PRO_6000_Blackwell_Server_Edition_HighRAM,cuda,NVIDIA RTX PRO 6000 Blackwell Server Edition,176,True,Random,Random_s2024_r4,,,3.811366592699781e-06,0.85,0.0075,0.0074,0.0031,0.005,0.0171,0.0204,0.0074,0.0066,0.0361,0.0626,0.0035,0.0024
NVIDIA_RTX_PRO_6000_Blackwell_Server_Edition_HighRAM,cuda,NVIDIA RTX PRO 6000 Blackwell Server Edition,176,True,Random,Random_s2024_r5,,,4.429990309717027e-06,0.63,0.0075,0.0074,0.0031,0.005,0.0171,0.0204,0.0074,0.0066,0.0361,0.0626,0.0035,0.0024
NVIDIA_RTX_PRO_6000_Blackwell_Server_Edition_HighRAM,cuda,NVIDIA RTX PRO 6000 Blackwell Server Edition,176,True,Random,Random_s2024_r6,,,6.952450181082818e-06,1.08,0.0075,0.0074,0.0031,0.005,0.0171,0.0204,0.0074,0.0066,0.0361,0.0626,0.0035,0.0024
NVIDIA_RTX_PRO_6000_Blackwell_Server_Edition_HighRAM,cuda,NVIDIA RTX PRO 6000 Blackwell Server Edition,176,True,Random,Random_s2025_r1,,,2.5806408646383337e-06,0.47,0.0065,0.0077,0.0024,0.0055,0.0139,0.0186,0.0066,0.0074,0.0329,0.0689,0.0029,0.0024
NVIDIA_RTX_PRO_6000_Blackwell_Server_Edition_HighRAM,cuda,NVIDIA RTX PRO 6000 Blackwell Server Edition,176,True,Random,Random_s2025_r2,,,2.6527412579234058e-06,0.77,0.0065,0.0077,0.0024,0.0055,0.0139,0.0186,0.0066,0.0074,0.0329,0.0689,0.0029,0.0024
NVIDIA_RTX_PRO_6000_Blackwell_Server_Edition_HighRAM,cuda,NVIDIA RTX PRO 6000 Blackwell Server Edition,176,True,Random,Random_s2025_r3,,,2.8211449233148697e-06,0.77,0.0065,0.0077,0.0024,0.0055,0.0139,0.0186,0.0066,0.0074,0.0329,0.0689,0.0029,0.0024
NVIDIA_RTX_PRO_6000_Blackwell_Server_Edition_HighRAM,cuda,NVIDIA RTX PRO 6000 Blackwell Server Edition,176,True,Random,Random_s2025_r4,,,3.839654086374038e-06,0.56,0.0065,0.0077,0.0024,0.0055,0.0139,0.0186,0.0066,0.0074,0.0329,0.0689,0.0029,0.0024
NVIDIA_RTX_PRO_6000_Blackwell_Server_Edition_HighRAM,cuda,NVIDIA RTX PRO 6000 Blackwell Server Edition,176,True,Random,Random_s2025_r5,,,4.439846835425672e-06,0.93,0.0065,0.0077,0.0024,0.0055,0.0139,0.0186,0.0066,0.0074,0.0329,0.0689,0.0029,0.0024
NVIDIA_RTX_PRO_6000_Blackwell_Server_Edition_HighRAM,cuda,NVIDIA RTX PRO 6000 Blackwell Server Edition,176,True,Random,Random_s2025_r6,,,6.905590388646595e-06,0.79,0.0065,0.0077,0.0024,0.0055,0.0139,0.0186,0.0066,0.0074,0.0329,0.0689,0.0029,0.0024
NVIDIA_RTX_PRO_6000_Blackwell_Server_Edition_HighRAM,cuda,NVIDIA RTX PRO 6000 Blackwell Server Edition,176,True,Random,Random_s2026_r1,,,2.529898686604846e-06,0.77,0.0077,0.0083,0.0028,0.0067,0.0172,0.021,0.0074,0.0072,0.0361,0.0668,0.0036,0.0028
NVIDIA_RTX_PRO_6000_Blackwell_Server_Edition_HighRAM,cuda,NVIDIA RTX PRO 6000 Blackwell Server Edition,176,True,Random,Random_s2026_r2,,,2.6187187001335022e-06,0.46,0.0077,0.0083,0.0028,0.0067,0.0172,0.021,0.0074,0.0072,0.0361,0.0668,0.0036,0.0028
NVIDIA_RTX_PRO_6000_Blackwell_Server_Edition_HighRAM,cuda,NVIDIA RTX PRO 6000 Blackwell Server Edition,176,True,Random,Random_s2026_r3,,,2.7855154943616224e-06,0.47,0.0077,0.0083,0.0028,0.0067,0.0172,0.021,0.0074,0.0072,0.0361,0.0668,0.0036,0.0028
NVIDIA_RTX_PRO_6000_Blackwell_Server_Edition_HighRAM,cuda,NVIDIA RTX PRO 6000 Blackwell Server Edition,176,True,Random,Random_s2026_r4,,,3.7478895551968048e-06,0.89,0.0077,0.0083,0.0028,0.0067,0.0172,0.021,0.0074,0.0072,0.0361,0.0668,0.0036,0.0028
NVIDIA_RTX_PRO_6000_Blackwell_Server_Edition_HighRAM,cuda,NVIDIA RTX PRO 6000 Blackwell Server Edition,176,True,Random,Random_s2026_r5,,,4.375326404203635e-06,0.64,0.0077,0.0083,0.0028,0.0067,0.0172,0.021,0.0074,0.0072,0.0361,0.0668,0.0036,0.0028
NVIDIA_RTX_PRO_6000_Blackwell_Server_Edition_HighRAM,cuda,NVIDIA RTX PRO 6000 Blackwell Server Edition,176,True,Random,Random_s2026_r6,,,6.978323087204824e-06,1.07,0.0077,0.0083,0.0028,0.0067,0.0172,0.021,0.0074,0.0072,0.0361,0.0668,0.0036,0.0028
T4_GPU,cuda,Tesla T4,12,False,BPR,BPR_BPR_r1,BPR,BPR,0.0001084784082837,18.18,0.1635,0.1606,0.0852,0.1292,0.2926,0.3087,0.1406,0.1144,0.4592,0.5822,0.1025,0.0842
T4_GPU,cuda,Tesla T4,12,False,BPR,BPR_BPR_r2,BPR,BPR,3.9076472668400456e-05,5.41,0.0522,0.0504,0.0181,0.0314,0.1038,0.1139,0.0498,0.0439,0.1888,0.2662,0.0285,0.0211
T4_GPU,cuda,Tesla T4,12,False,BPR,BPR_BPR_r3,BPR,BPR,1.9107342619731613e-05,2.9,0.1412,0.1407,0.0584,0.107,0.2496,0.2688,0.1262,0.1085,0.386,0.5292,0.0907,0.0726
T4_GPU,cuda,Tesla T4,12,False,BPR,BPR_BPR_r4,BPR,BPR,2.6122755595148195e-05,3.23,0.1564,0.149,0.0633,0.1008,0.2765,0.2911,0.1364,0.1127,0.4019,0.5101,0.1028,0.0807
T4_GPU,cuda,Tesla T4,12,False,BPR,BPR_BPR_r5,BPR,BPR,1.714457287970255e-05,2.71,0.0964,0.0961,0.0346,0.065,0.181,0.1958,0.0899,0.0814,0.3022,0.4157,0.0572,0.045
T4_GPU,cuda,Tesla T4,12,False,BPR,BPR_BPR_r6,BPR,BPR,2.2032861776779076e-05,2.92,0.0147,0.0141,0.0068,0.0108,0.031,0.0358,0.0142,0.0112,0.0657,0.1029,0.007,0.0051
T4_GPU,cuda,Tesla T4,12,False,BPR,BPR_CE_r1,CE,CE,3.374964260093616e-05,4.1,0.1635,0.1606,0.0852,0.1292,0.2926,0.3087,0.1406,0.1144,0.4592,0.5822,0.1025,0.0842
T4_GPU,cuda,Tesla T4,12,False,BPR,BPR_CE_r2,CE,CE,2.3759019339325752e-05,3.36,0.0522,0.0504,0.0181,0.0314,0.1038,0.1139,0.0498,0.0439,0.1888,0.2662,0.0285,0.0211
T4_GPU,cuda,Tesla T4,12,False,BPR,BPR_CE_r3,CE,CE,1.8938302541512937e-05,2.95,0.1412,0.1407,0.0584,0.107,0.2496,0.2688,0.1262,0.1085,0.386,0.5292,0.0907,0.0726
T4_GPU,cuda,Tesla T4,12,False,BPR,BPR_CE_r4,CE,CE,3.0177288286001265e-05,4.04,0.1564,0.149,0.0633,0.1008,0.2765,0.2911,0.1364,0.1127,0.4019,0.5101,0.1028,0.0807
T4_GPU,cuda,Tesla T4,12,False,BPR,BPR_CE_r5,CE,CE,1.7335853017135933e-05,2.42,0.0964,0.0961,0.0346,0.065,0.181,0.1958,0.0899,0.0814,0.3022,0.4157,0.0572,0.045
T4_GPU,cuda,Tesla T4,12,False,BPR,BPR_CE_r6,CE,CE,1.6238752175967127e-05,2.65,0.0147,0.0141,0.0068,0.0108,0.031,0.0358,0.0142,0.0112,0.0657,0.1029,0.007,0.0051
T4_GPU,cuda,Tesla T4,12,False,BPR,BPR_MSE_r1,MSE,MSE,3.537982369188906e-05,4.12,0.1635,0.1606,0.0852,0.1292,0.2926,0.3087,0.1406,0.1144,0.4592,0.5822,0.1025,0.0842
T4_GPU,cuda,Tesla T4,12,False,BPR,BPR_MSE_r2,MSE,MSE,2.385224368719181e-05,3.81,0.0522,0.0504,0.0181,0.0314,0.1038,0.1139,0.0498,0.0439,0.1888,0.2662,0.0285,0.0211
T4_GPU,cuda,Tesla T4,12,False,BPR,BPR_MSE_r3,MSE,MSE,1.9288307097366995e-05,2.93,0.1412,0.1407,0.0584,0.107,0.2496,0.2688,0.1262,0.1085,0.386,0.5292,0.0907,0.0726
T4_GPU,cuda,Tesla T4,12,False,BPR,BPR_MSE_r4,MSE,MSE,2.606545410544904e-05,3.21,0.1564,0.149,0.0633,0.1008,0.2765,0.2911,0.1364,0.1127,0.4019,0.5101,0.1028,0.0807
T4_GPU,cuda,Tesla T4,12,False,BPR,BPR_MSE_r5,MSE,MSE,1.9565165774325185e-05,2.64,0.0964,0.0961,0.0346,0.065,0.181,0.1958,0.0899,0.0814,0.3022,0.4157,0.0572,0.045
T4_GPU,cuda,Tesla T4,12,False,BPR,BPR_MSE_r6,MSE,MSE,1.6309163434874618e-05,3.16,0.0147,0.0141,0.0068,0.0108,0.031,0.0358,0.0142,0.0112,0.0657,0.1029,0.007,0.0051
T4_GPU,cuda,Tesla T4,12,False,FM,FM_s2024_r1,,,8.143514343951219e-05,8.57,0.0386,0.0425,0.0145,0.0314,0.0744,0.0884,0.0375,0.0381,0.1432,0.2513,0.0209,0.0173
T4_GPU,cuda,Tesla T4,12,False,FM,FM_s2024_r2,,,6.511967279226078e-05,6.81,0.0285,0.0293,0.0095,0.0188,0.0614,0.0709,0.0267,0.0258,0.1135,0.1856,0.015,0.0113
T4_GPU,cuda,Tesla T4,12,False,FM,FM_s2024_r3,,,4.635145265809028e-05,5.07,0.0503,0.0511,0.0192,0.0374,0.0972,0.111,0.0473,0.0433,0.1771,0.281,0.0282,0.0213
T4_GPU,cuda,Tesla T4,12,False,FM,FM_s2024_r4,,,7.201767127461016e-05,7.66,0.047,0.0499,0.018,0.0366,0.089,0.1042,0.0462,0.0438,0.1697,0.2789,0.0261,0.0211
T4_GPU,cuda,Tesla T4,12,False,FM,FM_s2024_r5,,,4.325728403871095e-05,5.01,0.0474,0.0503,0.0176,0.0369,0.0946,0.1074,0.0435,0.0427,0.1654,0.2641,0.027,0.0215
T4_GPU,cuda,Tesla T4,12,False,FM,FM_s2024_r6,,,4.942045905517439e-05,5.35,0.0169,0.0193,0.0072,0.0147,0.037,0.0458,0.0161,0.0172,0.0785,0.1463,0.0082,0.0067
T4_GPU,cuda,Tesla T4,12,False,FM,FM_s2025_r1,,,8.21874718379198e-05,8.54,0.0457,0.0441,0.0185,0.0308,0.0892,0.1001,0.0445,0.0376,0.1771,0.2598,0.0243,0.0181
T4_GPU,cuda,Tesla T4,12,False,FM,FM_s2025_r2,,,6.227236083856041e-05,6.87,0.0351,0.0366,0.0135,0.0267,0.0735,0.0856,0.0331,0.032,0.14,0.2365,0.0183,0.014
T4_GPU,cuda,Tesla T4,12,False,FM,FM_s2025_r3,,,4.71034263563586e-05,5.41,0.0415,0.0435,0.0162,0.0311,0.0788,0.0929,0.0405,0.0386,0.1516,0.2577,0.0228,0.0177
T4_GPU,cuda,Tesla T4,12,False,FM,FM_s2025_r4,,,6.95988068351987e-05,7.4,0.0421,0.0457,0.0155,0.034,0.0762,0.0903,0.0435,0.0425,0.1633,0.2672,0.0232,0.0189
T4_GPU,cuda,Tesla T4,12,False,FM,FM_s2025_r5,,,4.354260266643153e-05,4.76,0.0415,0.0393,0.0151,0.0263,0.0852,0.0938,0.0384,0.0323,0.1548,0.2216,0.023,0.0167
T4_GPU,cuda,Tesla T4,12,False,FM,FM_s2025_r6,,,4.579669318777946e-05,5.77,0.0231,0.0257,0.0082,0.0181,0.0535,0.0658,0.0199,0.0226,0.0944,0.1888,0.0121,0.0093
T4_GPU,cuda,Tesla T4,12,False,FM,FM_s2026_r1,,,8.778921231093456e-05,8.98,0.0442,0.0469,0.0192,0.038,0.0833,0.0978,0.0441,0.0409,0.1771,0.2853,0.0234,0.0185
T4_GPU,cuda,Tesla T4,12,False,FM,FM_s2026_r2,,,5.878359621164826e-05,6.34,0.033,0.0357,0.0138,0.0278,0.0632,0.0749,0.0335,0.0318,0.1389,0.2259,0.0166,0.0136
T4_GPU,cuda,Tesla T4,12,False,FM,FM_s2026_r3,,,5.298620452425403e-05,5.97,0.0643,0.0609,0.0255,0.0425,0.1231,0.1341,0.0596,0.0485,0.2206,0.3043,0.0362,0.0269
T4_GPU,cuda,Tesla T4,12,False,FM,FM_s2026_r4,,,6.397016421581419e-05,6.73,0.0529,0.0533,0.0198,0.0382,0.1046,0.1189,0.0484,0.044,0.1824,0.2906,0.0299,0.0227
T4_GPU,cuda,Tesla T4,12,False,FM,FM_s2026_r5,,,4.910710777421224e-05,5.57,0.0522,0.0509,0.0215,0.038,0.1012,0.1121,0.0496,0.0413,0.1941,0.2757,0.0287,0.0216
T4_GPU,cuda,Tesla T4,12,False,FM,FM_s2026_r6,,,4.112499823558455e-05,4.81,0.0115,0.0135,0.0055,0.0114,0.0201,0.0275,0.0138,0.0138,0.0626,0.1177,0.0048,0.0041
T4_GPU,cuda,Tesla T4,12,False,ItemKNN,ItemKNN_s2024_r1,,,2.2503908258397905e-05,3.47,0.2556,0.2594,0.1456,0.2316,0.4017,0.4195,0.2221,0.1797,0.6246,0.7508,0.1747,0.152
T4_GPU,cuda,Tesla T4,12,False,ItemKNN,ItemKNN_s2024_r2,,,2.6956276516608785e-05,3.67,0.276,0.272,0.1489,0.2332,0.4365,0.4553,0.2363,0.1854,0.632,0.7699,0.193,0.161
T4_GPU,cuda,Tesla T4,12,False,ItemKNN,ItemKNN_s2024_r3,,,3.22240110792542e-05,5.33,0.2829,0.2787,0.1564,0.2395,0.4559,0.471,0.2382,0.186,0.6564,0.7699,0.1966,0.1663
T4_GPU,cuda,Tesla T4,12,False,ItemKNN,ItemKNN_s2024_r4,,,2.211399932333563e-05,3.09,0.2635,0.2675,0.1466,0.2351,0.4171,0.4354,0.2263,0.185,0.6235,0.7603,0.1822,0.1576
T4_GPU,cuda,Tesla T4,12,False,ItemKNN,ItemKNN_s2024_r5,,,2.8126392401461664e-05,3.8,0.2755,0.2755,0.1512,0.2399,0.4354,0.4529,0.2373,0.19,0.6426,0.772,0.1904,0.1631
T4_GPU,cuda,Tesla T4,12,False,ItemKNN,ItemKNN_s2024_r6,,,3.4516737206663736e-05,5.44,0.284,0.2802,0.1588,0.2372,0.4619,0.4759,0.2339,0.1849,0.6649,0.7688,0.1974,0.1683
T4_GPU,cuda,Tesla T4,12,False,ItemKNN,ItemKNN_s2025_r1,,,2.177602780342351e-05,3.08,0.261,0.2618,0.1458,0.2269,0.428,0.4454,0.2214,0.1786,0.6373,0.7625,0.1755,0.1512
T4_GPU,cuda,Tesla T4,12,False,ItemKNN,ItemKNN_s2025_r2,,,2.6859401145856317e-05,3.9,0.2744,0.2733,0.1447,0.233,0.4397,0.4579,0.2324,0.1861,0.6352,0.7699,0.1913,0.1625
T4_GPU,cuda,Tesla T4,12,False,ItemKNN,ItemKNN_s2025_r3,,,3.657330606660615e-05,4.94,0.2763,0.2755,0.1484,0.2369,0.4412,0.4597,0.2331,0.1849,0.6267,0.7625,0.1935,0.1651
T4_GPU,cuda,Tesla T4,12,False,ItemKNN,ItemKNN_s2025_r4,,,2.1767900931646723e-05,3.43,0.2655,0.2693,0.1408,0.2342,0.432,0.4544,0.2246,0.1857,0.6204,0.7815,0.1836,0.1569
T4_GPU,cuda,Tesla T4,12,False,ItemKNN,ItemKNN_s2025_r5,,,2.8596389289838126e-05,4.11,0.2749,0.2737,0.1517,0.2358,0.4376,0.4552,0.2346,0.1866,0.6458,0.7773,0.19,0.162
T4_GPU,cuda,Tesla T4,12,False,ItemKNN,ItemKNN_s2025_r6,,,3.655279122901729e-05,5.06,0.2868,0.2816,0.1643,0.2409,0.4488,0.4655,0.2418,0.1869,0.6532,0.7709,0.2011,0.1707
T4_GPU,cuda,Tesla T4,12,False,ItemKNN,ItemKNN_s2026_r1,,,2.2152994414340647e-05,3.06,0.2653,0.2675,0.1432,0.231,0.4258,0.4439,0.2267,0.1863,0.6352,0.7688,0.1807,0.1553
T4_GPU,cuda,Tesla T4,12,False,ItemKNN,ItemKNN_s2026_r2,,,2.666816981201116e-05,3.92,0.2793,0.2748,0.1467,0.2334,0.4429,0.4603,0.2384,0.1876,0.6437,0.772,0.1941,0.1626
T4_GPU,cuda,Tesla T4,12,False,ItemKNN,ItemKNN_s2026_r3,,,3.600747349814834e-05,5.2,0.2833,0.2807,0.153,0.2388,0.4521,0.4699,0.2373,0.1891,0.6458,0.7826,0.1983,0.1671
T4_GPU,cuda,Tesla T4,12,False,ItemKNN,ItemKNN_s2026_r4,,,2.2226793777939304e-05,3.11,0.2756,0.2735,0.1492,0.2339,0.4372,0.4533,0.2346,0.1881,0.6501,0.772,0.1893,0.161
T4_GPU,cuda,Tesla T4,12,False,ItemKNN,ItemKNN_s2026_r5,,,2.9201725172926815e-05,4.17,0.282,0.2787,0.146,0.2337,0.4493,0.4673,0.238,0.1897,0.6405,0.7709,0.1984,0.1662
T4_GPU,cuda,Tesla T4,12,False,ItemKNN,ItemKNN_s2026_r6,,,3.9807773797617846e-05,5.16,0.2896,0.2815,0.1568,0.2351,0.461,0.476,0.2392,0.1852,0.6522,0.7678,0.2039,0.1695
T4_GPU,cuda,Tesla T4,12,False,LightGCN,LightGCN_BPR_r1,BPR,BPR,8.052661503844144e-05,7.76,0.1286,0.1305,0.0757,0.1175,0.2379,0.2572,0.1118,0.0907,0.4093,0.5504,0.0753,0.0633
T4_GPU,cuda,Tesla T4,12,False,LightGCN,LightGCN_BPR_r2,BPR,BPR,5.080062925949546e-05,5.48,0.1633,0.1651,0.0897,0.143,0.2984,0.3149,0.1345,0.109,0.4677,0.5907,0.1022,0.0874
T4_GPU,cuda,Tesla T4,12,False,LightGCN,LightGCN_BPR_r3,BPR,BPR,5.4204855811615e-05,6.05,0.1375,0.1412,0.0823,0.1237,0.2514,0.2696,0.1171,0.099,0.421,0.5536,0.082,0.0709
T4_GPU,cuda,Tesla T4,12,False,LightGCN,LightGCN_BPR_r4,BPR,BPR,6.262902353548755e-05,6.21,0.1405,0.1463,0.0823,0.1289,0.2607,0.2811,0.1164,0.1001,0.4199,0.5716,0.0851,0.0743
T4_GPU,cuda,Tesla T4,12,False,LightGCN,LightGCN_BPR_r5,BPR,BPR,4.1390838899121856e-05,4.6,0.1666,0.1675,0.0928,0.143,0.2972,0.3165,0.1368,0.1133,0.4539,0.5992,0.1066,0.0894
T4_GPU,cuda,Tesla T4,12,False,LightGCN,LightGCN_BPR_r6,BPR,BPR,2.5836540559847634e-05,3.59,0.1278,0.1281,0.0668,0.109,0.2403,0.2571,0.1088,0.0883,0.3955,0.5217,0.0768,0.0631
T4_GPU,cuda,Tesla T4,12,False,LightGCN,LightGCN_CE_r1,CE,CE,8.819140987333846e-05,8.71,0.1286,0.1305,0.0757,0.1175,0.2379,0.2572,0.1118,0.0907,0.4093,0.5504,0.0753,0.0633
T4_GPU,cuda,Tesla T4,12,False,LightGCN,LightGCN_CE_r2,CE,CE,4.97370183488075e-05,5.32,0.1633,0.1651,0.0897,0.143,0.2984,0.3149,0.1345,0.109,0.4677,0.5907,0.1022,0.0874
T4_GPU,cuda,Tesla T4,12,False,LightGCN,LightGCN_CE_r3,CE,CE,4.560773533619485e-05,5.64,0.1375,0.1412,0.0823,0.1237,0.2514,0.2696,0.1171,0.099,0.421,0.5536,0.082,0.0709
T4_GPU,cuda,Tesla T4,12,False,LightGCN,LightGCN_CE_r4,CE,CE,5.534714953871518e-05,5.36,0.1405,0.1463,0.0823,0.1289,0.2607,0.2811,0.1164,0.1001,0.4199,0.5716,0.0851,0.0743
T4_GPU,cuda,Tesla T4,12,False,LightGCN,LightGCN_CE_r5,CE,CE,3.275110624574528e-05,4.36,0.1666,0.1675,0.0928,0.143,0.2972,0.3165,0.1368,0.1133,0.4539,0.5992,0.1066,0.0894
T4_GPU,cuda,Tesla T4,12,False,LightGCN,LightGCN_CE_r6,CE,CE,2.478026324697758e-05,3.51,0.1278,0.1281,0.0668,0.109,0.2403,0.2571,0.1088,0.0883,0.3955,0.5217,0.0768,0.0631
T4_GPU,cuda,Tesla T4,12,False,LightGCN,LightGCN_MSE_r1,MSE,MSE,7.230264807164571e-07,8.25,0.1286,0.1305,0.0757,0.1175,0.2379,0.2572,0.1118,0.0907,0.4093,0.5504,0.0753,0.0633
T4_GPU,cuda,Tesla T4,12,False,LightGCN,LightGCN_MSE_r2,MSE,MSE,4.422361584772626e-05,5.14,0.1633,0.1651,0.0897,0.143,0.2984,0.3149,0.1345,0.109,0.4677,0.5907,0.1022,0.0874
T4_GPU,cuda,Tesla T4,12,False,LightGCN,LightGCN_MSE_r3,MSE,MSE,5.1718158706803255e-05,5.74,0.1375,0.1412,0.0823,0.1237,0.2514,0.2696,0.1171,0.099,0.421,0.5536,0.082,0.0709
T4_GPU,cuda,Tesla T4,12,False,LightGCN,LightGCN_MSE_r4,MSE,MSE,5.518374232267666e-05,5.47,0.1405,0.1463,0.0823,0.1289,0.2607,0.2811,0.1164,0.1001,0.4199,0.5716,0.0851,0.0743
T4_GPU,cuda,Tesla T4,12,False,LightGCN,LightGCN_MSE_r5,MSE,MSE,2.8525844310054727e-05,3.79,0.1666,0.1675,0.0928,0.143,0.2972,0.3165,0.1368,0.1133,0.4539,0.5992,0.1066,0.0894
T4_GPU,cuda,Tesla T4,12,False,LightGCN,LightGCN_MSE_r6,MSE,MSE,3.234960806318849e-05,3.76,0.1278,0.1281,0.0668,0.109,0.2403,0.2571,0.1088,0.0883,0.3955,0.5217,0.0768,0.0631
T4_GPU,cuda,Tesla T4,12,False,NGCF,NGCF_BPR_r1,BPR,BPR,0.0001129517663753,9.04,0.0983,0.1052,0.0442,0.0832,0.1737,0.1914,0.0923,0.0883,0.3192,0.4539,0.0586,0.0502
T4_GPU,cuda,Tesla T4,12,False,NGCF,NGCF_BPR_r2,BPR,BPR,5.82881120121978e-05,4.92,0.0536,0.0602,0.0235,0.0485,0.1003,0.1165,0.0503,0.0512,0.1877,0.3128,0.03,0.0259
T4_GPU,cuda,Tesla T4,12,False,NGCF,NGCF_BPR_r3,BPR,BPR,7.273717862642206e-05,6.27,0.0732,0.0804,0.034,0.0643,0.1323,0.1499,0.0696,0.0683,0.2513,0.3839,0.0412,0.0362
T4_GPU,cuda,Tesla T4,12,False,NGCF,NGCF_BPR_r4,BPR,BPR,6.39121939265933e-05,5.17,0.0814,0.0904,0.0366,0.0748,0.1475,0.167,0.077,0.0768,0.28,0.4284,0.0465,0.0404
T4_GPU,cuda,Tesla T4,12,False,NGCF,NGCF_BPR_r5,BPR,BPR,3.307388864613424e-05,3.67,0.0357,0.0375,0.0142,0.0274,0.068,0.0798,0.0369,0.0348,0.1506,0.2418,0.0177,0.0139
T4_GPU,cuda,Tesla T4,12,False,NGCF,NGCF_BPR_r6,BPR,BPR,2.5352885947964e-05,3.46,0.0391,0.0447,0.0165,0.0368,0.0747,0.09,0.0401,0.0405,0.1707,0.2853,0.0196,0.0169
T4_GPU,cuda,Tesla T4,12,False,NGCF,NGCF_CE_r1,CE,CE,0.0001024442670067,8.31,0.0993,0.1047,0.0452,0.0807,0.1741,0.1912,0.0937,0.0884,0.3234,0.4539,0.0591,0.05
T4_GPU,cuda,Tesla T4,12,False,NGCF,NGCF_CE_r2,CE,CE,6.016020068042e-05,5.75,0.054,0.0604,0.0236,0.0484,0.1011,0.1169,0.0509,0.0515,0.1909,0.3139,0.0301,0.026
T4_GPU,cuda,Tesla T4,12,False,NGCF,NGCF_CE_r3,CE,CE,6.261876170615592e-05,5.26,0.0754,0.0824,0.0341,0.067,0.1366,0.1544,0.0708,0.0689,0.2513,0.3892,0.0431,0.0375
T4_GPU,cuda,Tesla T4,12,False,NGCF,NGCF_CE_r4,CE,CE,7.091874921672959e-05,6.28,0.0807,0.0904,0.0356,0.0743,0.1466,0.1672,0.0761,0.0767,0.2747,0.4295,0.0464,0.0405
T4_GPU,cuda,Tesla T4,12,False,NGCF,NGCF_CE_r5,CE,CE,3.0438039139548792e-05,3.13,0.036,0.0375,0.0142,0.0273,0.0685,0.08,0.0371,0.0345,0.1506,0.2397,0.0179,0.0139
T4_GPU,cuda,Tesla T4,12,False,NGCF,NGCF_CE_r6,CE,CE,2.267431202306512e-05,3.1,0.0391,0.0447,0.0165,0.0368,0.0747,0.09,0.0401,0.0405,0.1707,0.2853,0.0196,0.0169
T4_GPU,cuda,Tesla T4,12,False,NGCF,NGCF_MSE_r1,MSE,MSE,0.0001103183544702,8.95,0.0984,0.1048,0.0443,0.0816,0.1767,0.1938,0.0912,0.0877,0.3181,0.4486,0.0587,0.05
T4_GPU,cuda,Tesla T4,12,False,NGCF,NGCF_MSE_r2,MSE,MSE,5.65234235075172e-05,4.88,0.0531,0.0603,0.0233,0.0489,0.1002,0.1171,0.0494,0.0512,0.1845,0.315,0.0299,0.0259
T4_GPU,cuda,Tesla T4,12,False,NGCF,NGCF_MSE_r3,MSE,MSE,6.542791847973892e-05,6.38,0.073,0.0808,0.0329,0.0644,0.1329,0.1516,0.0683,0.0679,0.2428,0.3828,0.0418,0.0367
T4_GPU,cuda,Tesla T4,12,False,NGCF,NGCF_MSE_r4,MSE,MSE,6.327298970272446e-05,5.17,0.0812,0.0896,0.036,0.0733,0.1442,0.1644,0.0776,0.0771,0.2747,0.4263,0.0467,0.0399
T4_GPU,cuda,Tesla T4,12,False,NGCF,NGCF_MSE_r5,MSE,MSE,3.6431606377837405e-05,4.14,0.0356,0.0374,0.0141,0.0272,0.0679,0.0795,0.0367,0.0346,0.1506,0.2397,0.0176,0.0139
T4_GPU,cuda,Tesla T4,12,False,NGCF,NGCF_MSE_r6,MSE,MSE,2.3415715698148805e-05,2.74,0.0391,0.0447,0.0165,0.0368,0.0747,0.09,0.0401,0.0405,0.1707,0.2853,0.0196,0.0169
T4_GPU,cuda,Tesla T4,12,False,NeuMF,NeuMF_BPR_r1,BPR,BPR,7.208776483214876e-05,7.45,0.2389,0.2376,0.1266,0.2006,0.3899,0.4082,0.2023,0.1625,0.5832,0.7147,0.1629,0.1383
T4_GPU,cuda,Tesla T4,12,False,NeuMF,NeuMF_BPR_r2,BPR,BPR,4.266417034150225e-05,4.78,0.1447,0.1486,0.0751,0.1252,0.26,0.2794,0.1281,0.1093,0.438,0.579,0.0881,0.0746
T4_GPU,cuda,Tesla T4,12,False,NeuMF,NeuMF_BPR_r3,BPR,BPR,3.597710448008337e-05,4.33,0.2175,0.2158,0.1102,0.1749,0.3672,0.385,0.1826,0.1496,0.5345,0.666,0.1465,0.1225
T4_GPU,cuda,Tesla T4,12,False,NeuMF,NeuMF_BPR_r4,BPR,BPR,5.738090964666662e-05,5.8,0.2298,0.2293,0.1225,0.1937,0.3776,0.3945,0.196,0.1582,0.5832,0.7094,0.1545,0.1315
T4_GPU,cuda,Tesla T4,12,False,NeuMF,NeuMF_BPR_r5,BPR,BPR,3.0300030148132917e-05,3.41,0.1305,0.1357,0.0694,0.1186,0.2303,0.2498,0.1192,0.1029,0.4125,0.561,0.0773,0.0658
T4_GPU,cuda,Tesla T4,12,False,NeuMF,NeuMF_BPR_r6,BPR,BPR,2.7968741896052937e-05,3.59,0.1307,0.1325,0.0658,0.104,0.2296,0.2476,0.1175,0.1005,0.3955,0.527,0.0797,0.0667
T4_GPU,cuda,Tesla T4,12,False,NeuMF,NeuMF_CE_r1,CE,CE,7.267441864261428e-05,7.42,0.2389,0.2376,0.1266,0.2006,0.3899,0.4082,0.2023,0.1625,0.5832,0.7147,0.1629,0.1383
T4_GPU,cuda,Tesla T4,12,False,NeuMF,NeuMF_CE_r2,CE,CE,4.173731298430195e-05,4.41,0.1447,0.1486,0.0751,0.1252,0.26,0.2794,0.1281,0.1093,0.438,0.579,0.0881,0.0746
T4_GPU,cuda,Tesla T4,12,False,NeuMF,NeuMF_CE_r3,CE,CE,4.450426857491217e-05,5.0,0.2175,0.2158,0.1102,0.1749,0.3672,0.385,0.1826,0.1496,0.5345,0.666,0.1465,0.1225
T4_GPU,cuda,Tesla T4,12,False,NeuMF,NeuMF_CE_r4,CE,CE,5.0254672223909645e-05,5.17,0.2298,0.2293,0.1225,0.1937,0.3776,0.3945,0.196,0.1582,0.5832,0.7094,0.1545,0.1315
T4_GPU,cuda,Tesla T4,12,False,NeuMF,NeuMF_CE_r5,CE,CE,3.036281933351071e-05,3.78,0.1305,0.1357,0.0694,0.1186,0.2303,0.2498,0.1192,0.1029,0.4125,0.561,0.0773,0.0658
T4_GPU,cuda,Tesla T4,12,False,NeuMF,NeuMF_CE_r6,CE,CE,3.3462686039491145e-05,4.14,0.1307,0.1325,0.0658,0.104,0.2296,0.2476,0.1175,0.1005,0.3955,0.527,0.0797,0.0667
T4_GPU,cuda,Tesla T4,12,False,NeuMF,NeuMF_MSE_r1,MSE,MSE,6.599279071198549e-05,6.55,0.2389,0.2376,0.1266,0.2006,0.3899,0.4082,0.2023,0.1625,0.5832,0.7147,0.1629,0.1383
T4_GPU,cuda,Tesla T4,12,False,NeuMF,NeuMF_MSE_r2,MSE,MSE,4.973704837297959e-05,5.47,0.1447,0.1486,0.0751,0.1252,0.26,0.2794,0.1281,0.1093,0.438,0.579,0.0881,0.0746
T4_GPU,cuda,Tesla T4,12,False,NeuMF,NeuMF_MSE_r3,MSE,MSE,3.6005404541220176e-05,3.94,0.2175,0.2158,0.1102,0.1749,0.3672,0.385,0.1826,0.1496,0.5345,0.666,0.1465,0.1225
T4_GPU,cuda,Tesla T4,12,False,NeuMF,NeuMF_MSE_r4,MSE,MSE,5.48765745402431e-05,5.92,0.2298,0.2293,0.1225,0.1937,0.3776,0.3945,0.196,0.1582,0.5832,0.7094,0.1545,0.1315
T4_GPU,cuda,Tesla T4,12,False,NeuMF,NeuMF_MSE_r5,MSE,MSE,3.047574559272208e-05,4.32,0.1305,0.1357,0.0694,0.1186,0.2303,0.2498,0.1192,0.1029,0.4125,0.561,0.0773,0.0658
T4_GPU,cuda,Tesla T4,12,False,NeuMF,NeuMF_MSE_r6,MSE,MSE,2.835256578068717e-05,3.27,0.1307,0.1325,0.0658,0.104,0.2296,0.2476,0.1175,0.1005,0.3955,0.527,0.0797,0.0667
T4_GPU,cuda,Tesla T4,12,False,Pop,Pop_s2024_r1,,,1.2345511298421068e-05,2.27,0.0532,0.0566,0.022,0.0414,0.1064,0.1207,0.0481,0.0469,0.1983,0.3054,0.029,0.0237
T4_GPU,cuda,Tesla T4,12,False,Pop,Pop_s2024_r2,,,1.2965166368979948e-05,1.91,0.1066,0.1118,0.0669,0.0996,0.1909,0.2065,0.0923,0.0778,0.3521,0.4687,0.062,0.0557
T4_GPU,cuda,Tesla T4,12,False,Pop,Pop_s2024_r3,,,1.4095245636232666e-05,2.07,0.1174,0.1265,0.0712,0.1165,0.2066,0.2255,0.1052,0.092,0.3977,0.5366,0.068,0.0619
T4_GPU,cuda,Tesla T4,12,False,Pop,Pop_s2024_r4,,,1.8358138790740283e-05,3.33,0.1219,0.1278,0.0716,0.1118,0.2248,0.2448,0.1073,0.0938,0.3987,0.5408,0.0701,0.0612
T4_GPU,cuda,Tesla T4,12,False,Pop,Pop_s2024_r5,,,2.062682616210194e-05,3.0,0.1272,0.1306,0.0726,0.1165,0.2346,0.2533,0.1122,0.0934,0.4062,0.544,0.0741,0.063
T4_GPU,cuda,Tesla T4,12,False,Pop,Pop_s2024_r6,,,2.96883342717071e-05,3.46,0.129,0.1322,0.0737,0.1159,0.2361,0.2558,0.113,0.0945,0.404,0.5451,0.0761,0.0644
T4_GPU,cuda,Tesla T4,12,False,Pop,Pop_s2025_r1,,,1.1472031162584574e-05,1.86,0.0374,0.0468,0.0145,0.0397,0.0718,0.0918,0.0388,0.0445,0.1622,0.3118,0.0188,0.017
T4_GPU,cuda,Tesla T4,12,False,Pop,Pop_s2025_r2,,,1.660232978934775e-05,2.78,0.112,0.1167,0.0582,0.1032,0.1994,0.2198,0.1018,0.0873,0.3637,0.5196,0.0662,0.0556
T4_GPU,cuda,Tesla T4,12,False,Pop,Pop_s2025_r3,,,1.3534843921926422e-05,2.55,0.1191,0.1251,0.0694,0.1157,0.2128,0.234,0.109,0.0938,0.4019,0.5589,0.0681,0.0577
T4_GPU,cuda,Tesla T4,12,False,Pop,Pop_s2025_r4,,,1.5591865165007825e-05,2.24,0.1274,0.1312,0.0718,0.1148,0.227,0.2478,0.1135,0.0966,0.4072,0.5599,0.0754,0.0634
T4_GPU,cuda,Tesla T4,12,False,Pop,Pop_s2025_r5,,,2.10315253043325e-05,3.06,0.127,0.1304,0.0741,0.1143,0.2256,0.2458,0.1133,0.0959,0.4104,0.5578,0.0748,0.063
T4_GPU,cuda,Tesla T4,12,False,Pop,Pop_s2025_r6,,,3.3494649793579256e-05,3.82,0.1266,0.1301,0.073,0.1138,0.2254,0.246,0.1128,0.0953,0.4072,0.5589,0.0746,0.0628
T4_GPU,cuda,Tesla T4,12,False,Pop,Pop_s2026_r1,,,1.1392462059003174e-05,2.61,0.0489,0.0538,0.0219,0.0436,0.095,0.1119,0.0464,0.0449,0.1898,0.3171,0.0262,0.0218
T4_GPU,cuda,Tesla T4,12,False,Pop,Pop_s2026_r2,,,1.213893265541622e-05,1.92,0.127,0.1318,0.0682,0.114,0.2303,0.2497,0.1122,0.096,0.4019,0.5451,0.0751,0.0643
T4_GPU,cuda,Tesla T4,12,False,Pop,Pop_s2026_r3,,,1.3469957201887817e-05,2.36,0.1375,0.1415,0.0732,0.1253,0.2539,0.2739,0.119,0.101,0.4199,0.5684,0.0822,0.069
T4_GPU,cuda,Tesla T4,12,False,Pop,Pop_s2026_r4,,,1.6133616090248438e-05,2.21,0.1365,0.1422,0.0782,0.1247,0.2487,0.2695,0.1181,0.1027,0.4199,0.5716,0.0814,0.0698
T4_GPU,cuda,Tesla T4,12,False,Pop,Pop_s2026_r5,,,2.389744960162397e-05,3.35,0.1388,0.1434,0.0784,0.1252,0.2562,0.2762,0.1192,0.1025,0.4263,0.5758,0.0829,0.0706
T4_GPU,cuda,Tesla T4,12,False,Pop,Pop_s2026_r6,,,3.023790159791787e-05,3.96,0.1393,0.1446,0.0802,0.1266,0.2548,0.2753,0.119,0.1031,0.4263,0.5758,0.0834,0.0717
T4_GPU,cuda,Tesla T4,12,False,Random,Random_s2024_r1,,,7.619425371143793e-06,1.83,0.0075,0.0074,0.0031,0.005,0.0171,0.0204,0.0074,0.0066,0.0361,0.0626,0.0035,0.0024
T4_GPU,cuda,Tesla T4,12,False,Random,Random_s2024_r2,,,7.869319799321012e-06,1.55,0.0075,0.0074,0.0031,0.005,0.0171,0.0204,0.0074,0.0066,0.0361,0.0626,0.0035,0.0024
T4_GPU,cuda,Tesla T4,12,False,Random,Random_s2024_r3,,,8.35088981572804e-06,1.61,0.0075,0.0074,0.0031,0.005,0.0171,0.0204,0.0074,0.0066,0.0361,0.0626,0.0035,0.0024
T4_GPU,cuda,Tesla T4,12,False,Random,Random_s2024_r4,,,8.60487580008414e-08,2.34,0.0075,0.0074,0.0031,0.005,0.0171,0.0204,0.0074,0.0066,0.0361,0.0626,0.0035,0.0024
T4_GPU,cuda,Tesla T4,12,False,Random,Random_s2024_r5,,,1.9052592813359477e-05,2.72,0.0075,0.0074,0.0031,0.005,0.0171,0.0204,0.0074,0.0066,0.0361,0.0626,0.0035,0.0024
T4_GPU,cuda,Tesla T4,12,False,Random,Random_s2024_r6,,,2.0197502257859665e-05,2.98,0.0075,0.0074,0.0031,0.005,0.0171,0.0204,0.0074,0.0066,0.0361,0.0626,0.0035,0.0024
T4_GPU,cuda,Tesla T4,12,False,Random,Random_s2025_r1,,,7.479926919884898e-06,1.79,0.0065,0.0077,0.0024,0.0055,0.0139,0.0186,0.0066,0.0074,0.0329,0.0689,0.0029,0.0024
T4_GPU,cuda,Tesla T4,12,False,Random,Random_s2025_r2,,,7.842664489578422e-06,1.53,0.0065,0.0077,0.0024,0.0055,0.0139,0.0186,0.0066,0.0074,0.0329,0.0689,0.0029,0.0024
T4_GPU,cuda,Tesla T4,12,False,Random,Random_s2025_r3,,,8.486389256908314e-06,1.61,0.0065,0.0077,0.0024,0.0055,0.0139,0.0186,0.0066,0.0074,0.0329,0.0689,0.0029,0.0024
T4_GPU,cuda,Tesla T4,12,False,Random,Random_s2025_r4,,,1.1174984074716356e-05,2.13,0.0065,0.0077,0.0024,0.0055,0.0139,0.0186,0.0066,0.0074,0.0329,0.0689,0.0029,0.0024
T4_GPU,cuda,Tesla T4,12,False,Random,Random_s2025_r5,,,1.7529972361747606e-05,2.79,0.0065,0.0077,0.0024,0.0055,0.0139,0.0186,0.0066,0.0074,0.0329,0.0689,0.0029,0.0024
T4_GPU,cuda,Tesla T4,12,False,Random,Random_s2025_r6,,,2.0397069652756525e-05,2.98,0.0065,0.0077,0.0024,0.0055,0.0139,0.0186,0.0066,0.0074,0.0329,0.0689,0.0029,0.0024
T4_GPU,cuda,Tesla T4,12,False,Random,Random_s2026_r1,,,7.617093182530551e-06,1.83,0.0077,0.0083,0.0028,0.0067,0.0172,0.021,0.0074,0.0072,0.0361,0.0668,0.0036,0.0028
T4_GPU,cuda,Tesla T4,12,False,Random,Random_s2026_r2,,,7.857044090330097e-06,1.52,0.0077,0.0083,0.0028,0.0067,0.0172,0.021,0.0074,0.0072,0.0361,0.0668,0.0036,0.0028
T4_GPU,cuda,Tesla T4,12,False,Random,Random_s2026_r3,,,8.252716486004371e-06,1.59,0.0077,0.0083,0.0028,0.0067,0.0172,0.021,0.0074,0.0072,0.0361,0.0668,0.0036,0.0028
T4_GPU,cuda,Tesla T4,12,False,Random,Random_s2026_r4,,,1.3733868732914836e-05,2.34,0.0077,0.0083,0.0028,0.0067,0.0172,0.021,0.0074,0.0072,0.0361,0.0668,0.0036,0.0028
T4_GPU,cuda,Tesla T4,12,False,Random,Random_s2026_r5,,,1.44300196126156e-05,2.58,0.0077,0.0083,0.0028,0.0067,0.0172,0.021,0.0074,0.0072,0.0361,0.0668,0.0036,0.0028
T4_GPU,cuda,Tesla T4,12,False,Random,Random_s2026_r6,,,1.9565199473142624e-05,2.92,0.0077,0.0083,0.0028,0.0067,0.0172,0.021,0.0074,0.0072,0.0361,0.0668,0.0036,0.0028
TPU,xla,,47,False,BPR,BPR_BPR_r1,BPR,BPR,1.2710635006566476e-05,7.25,0.1635,0.1606,0.0852,0.1292,0.2926,0.3087,0.1406,0.1144,0.4592,0.5822,0.1025,0.0842
TPU,xla,,47,False,BPR,BPR_BPR_r2,BPR,BPR,9.891632515359327e-06,4.9,0.0522,0.0504,0.0181,0.0314,0.1038,0.1139,0.0498,0.0439,0.1888,0.2662,0.0285,0.0211
TPU,xla,,47,False,BPR,BPR_BPR_r3,BPR,BPR,6.53086128315192e-06,3.3,0.1412,0.1407,0.0584,0.107,0.2496,0.2688,0.1262,0.1085,0.386,0.5292,0.0907,0.0726
TPU,xla,,47,False,BPR,BPR_BPR_r4,BPR,BPR,9.330244696716391e-06,4.69,0.1564,0.149,0.0633,0.1008,0.2765,0.2911,0.1364,0.1127,0.4019,0.5101,0.1028,0.0807
TPU,xla,,47,False,BPR,BPR_BPR_r5,BPR,BPR,6.015962131638631e-06,2.99,0.0964,0.0961,0.0346,0.065,0.181,0.1958,0.0899,0.0814,0.3022,0.4157,0.0572,0.045
TPU,xla,,47,False,BPR,BPR_BPR_r6,BPR,BPR,5.374838043219079e-06,2.9,0.0147,0.0141,0.0068,0.0108,0.031,0.0358,0.0142,0.0112,0.0657,0.1029,0.007,0.0051
TPU,xla,,47,False,BPR,BPR_CE_r1,CE,CE,1.2182212639431195e-05,5.72,0.1635,0.1606,0.0852,0.1292,0.2926,0.3087,0.1406,0.1144,0.4592,0.5822,0.1025,0.0842
TPU,xla,,47,False,BPR,BPR_CE_r2,CE,CE,8.26398039195159e-06,3.98,0.0522,0.0504,0.0181,0.0314,0.1038,0.1139,0.0498,0.0439,0.1888,0.2662,0.0285,0.0211
TPU,xla,,47,False,BPR,BPR_CE_r3,CE,CE,6.602950937894828e-06,3.5,0.1412,0.1407,0.0584,0.107,0.2496,0.2688,0.1262,0.1085,0.386,0.5292,0.0907,0.0726
TPU,xla,,47,False,BPR,BPR_CE_r4,CE,CE,1.0022414131081548e-05,4.82,0.1564,0.149,0.0633,0.1008,0.2765,0.2911,0.1364,0.1127,0.4019,0.5101,0.1028,0.0807
TPU,xla,,47,False,BPR,BPR_CE_r5,CE,CE,5.979543917941402e-06,2.99,0.0964,0.0961,0.0346,0.065,0.181,0.1958,0.0899,0.0814,0.3022,0.4157,0.0572,0.045
TPU,xla,,47,False,BPR,BPR_CE_r6,CE,CE,5.411078688457476e-06,2.9,0.0147,0.0141,0.0068,0.0108,0.031,0.0358,0.0142,0.0112,0.0657,0.1029,0.007,0.0051
TPU,xla,,47,False,BPR,BPR_MSE_r1,MSE,MSE,1.2594069361789233e-05,5.7,0.1635,0.1606,0.0852,0.1292,0.2926,0.3087,0.1406,0.1144,0.4592,0.5822,0.1025,0.0842
TPU,xla,,47,False,BPR,BPR_MSE_r2,MSE,MSE,8.40538522460104e-06,4.18,0.0522,0.0504,0.0181,0.0314,0.1038,0.1139,0.0498,0.0439,0.1888,0.2662,0.0285,0.0211
TPU,xla,,47,False,BPR,BPR_MSE_r3,MSE,MSE,6.636635124666225e-06,3.22,0.1412,0.1407,0.0584,0.107,0.2496,0.2688,0.1262,0.1085,0.386,0.5292,0.0907,0.0726
TPU,xla,,47,False,BPR,BPR_MSE_r4,MSE,MSE,9.531327270842092e-06,4.67,0.1564,0.149,0.0633,0.1008,0.2765,0.2911,0.1364,0.1127,0.4019,0.5101,0.1028,0.0807
TPU,xla,,47,False,BPR,BPR_MSE_r5,MSE,MSE,5.677046072384102e-06,3.02,0.0964,0.0961,0.0346,0.065,0.181,0.1958,0.0899,0.0814,0.3022,0.4157,0.0572,0.045
TPU,xla,,47,False,BPR,BPR_MSE_r6,MSE,MSE,5.721217001660679e-06,2.87,0.0147,0.0141,0.0068,0.0108,0.031,0.0358,0.0142,0.0112,0.0657,0.1029,0.007,0.0051
TPU,xla,,47,False,FM,FM_s2024_r1,,,4.996367474938113e-05,21.51,0.0386,0.0425,0.0145,0.0314,0.0744,0.0884,0.0375,0.0381,0.1432,0.2513,0.0209,0.0173
TPU,xla,,47,False,FM,FM_s2024_r2,,,3.779264780208932e-05,16.26,0.0285,0.0293,0.0095,0.0188,0.0614,0.0709,0.0267,0.0258,0.1135,0.1856,0.015,0.0113
TPU,xla,,47,False,FM,FM_s2024_r3,,,2.938376803618549e-05,12.99,0.0503,0.0511,0.0192,0.0374,0.0972,0.111,0.0473,0.0433,0.1771,0.281,0.0282,0.0213
TPU,xla,,47,False,FM,FM_s2024_r4,,,3.913149888170725e-05,16.82,0.047,0.0499,0.018,0.0366,0.089,0.1042,0.0462,0.0438,0.1697,0.2789,0.0261,0.0211
TPU,xla,,47,False,FM,FM_s2024_r5,,,2.605070204501414e-05,11.58,0.0474,0.0503,0.0176,0.0369,0.0946,0.1074,0.0435,0.0427,0.1654,0.2641,0.027,0.0215
TPU,xla,,47,False,FM,FM_s2024_r6,,,2.467286067154249e-05,11.0,0.0169,0.0193,0.0072,0.0147,0.037,0.0458,0.0161,0.0172,0.0785,0.1463,0.0082,0.0067
TPU,xla,,47,False,FM,FM_s2025_r1,,,4.9491880317804734e-05,21.09,0.0457,0.0441,0.0185,0.0308,0.0892,0.1001,0.0445,0.0376,0.1771,0.2598,0.0243,0.0181
TPU,xla,,47,False,FM,FM_s2025_r2,,,3.521438653550944e-05,15.4,0.0351,0.0366,0.0135,0.0267,0.0735,0.0856,0.0331,0.032,0.14,0.2365,0.0183,0.014
TPU,xla,,47,False,FM,FM_s2025_r3,,,2.6925011421529552e-05,11.79,0.0415,0.0435,0.0162,0.0311,0.0788,0.0929,0.0405,0.0386,0.1516,0.2577,0.0228,0.0177
TPU,xla,,47,False,FM,FM_s2025_r4,,,3.8459358012041066e-05,16.72,0.0421,0.0457,0.0155,0.034,0.0762,0.0903,0.0435,0.0425,0.1633,0.2672,0.0232,0.0189
TPU,xla,,47,False,FM,FM_s2025_r5,,,2.9142978402514565e-05,12.9,0.0415,0.0393,0.0151,0.0263,0.0852,0.0938,0.0384,0.0323,0.1548,0.2216,0.023,0.0167
TPU,xla,,47,False,FM,FM_s2025_r6,,,2.638609653180237e-05,11.51,0.0231,0.0257,0.0082,0.0181,0.0535,0.0658,0.0199,0.0226,0.0944,0.1888,0.0121,0.0093
TPU,xla,,47,False,FM,FM_s2026_r1,,,4.56017563703503e-05,19.69,0.0442,0.0469,0.0192,0.038,0.0833,0.0978,0.0441,0.0409,0.1771,0.2853,0.0234,0.0185
TPU,xla,,47,False,FM,FM_s2026_r2,,,3.405729239080816e-05,14.7,0.033,0.0357,0.0138,0.0278,0.0632,0.0749,0.0335,0.0318,0.1389,0.2259,0.0166,0.0136
TPU,xla,,47,False,FM,FM_s2026_r3,,,2.6834001580484883e-05,11.89,0.0643,0.0609,0.0255,0.0425,0.1231,0.1341,0.0596,0.0485,0.2206,0.3043,0.0362,0.0269
TPU,xla,,47,False,FM,FM_s2026_r4,,,3.980749246108853e-05,17.27,0.0529,0.0533,0.0198,0.0382,0.1046,0.1189,0.0484,0.044,0.1824,0.2906,0.0299,0.0227
TPU,xla,,47,False,FM,FM_s2026_r5,,,2.7275629450707146e-05,11.89,0.0522,0.0509,0.0215,0.038,0.1012,0.1121,0.0496,0.0413,0.1941,0.2757,0.0287,0.0216
TPU,xla,,47,False,FM,FM_s2026_r6,,,2.58888837289668e-05,11.49,0.0115,0.0135,0.0055,0.0114,0.0201,0.0275,0.0138,0.0138,0.0626,0.1177,0.0048,0.0041
TPU,xla,,47,False,ItemKNN,ItemKNN_s2024_r1,,,2.65157663100118e-06,2.03,0.2556,0.2594,0.1456,0.2316,0.4017,0.4195,0.2221,0.1797,0.6246,0.7508,0.1747,0.152
TPU,xla,,47,False,ItemKNN,ItemKNN_s2024_r2,,,3.3705775502025574e-06,2.36,0.276,0.272,0.1489,0.2332,0.4365,0.4553,0.2363,0.1854,0.632,0.7699,0.193,0.161
TPU,xla,,47,False,ItemKNN,ItemKNN_s2024_r3,,,3.993221759564623e-06,2.46,0.2829,0.2787,0.1564,0.2395,0.4559,0.471,0.2382,0.186,0.6564,0.7699,0.1966,0.1663
TPU,xla,,47,False,ItemKNN,ItemKNN_s2024_r4,,,2.795046431316629e-06,2.13,0.2635,0.2675,0.1466,0.2351,0.4171,0.4354,0.2263,0.185,0.6235,0.7603,0.1822,0.1576
TPU,xla,,47,False,ItemKNN,ItemKNN_s2024_r5,,,3.644979612799047e-06,2.3,0.2755,0.2755,0.1512,0.2399,0.4354,0.4529,0.2373,0.19,0.6426,0.772,0.1904,0.1631
TPU,xla,,47,False,ItemKNN,ItemKNN_s2024_r6,,,4.247566159603315e-06,2.82,0.284,0.2802,0.1588,0.2372,0.4619,0.4759,0.2339,0.1849,0.6649,0.7688,0.1974,0.1683
TPU,xla,,47,False,ItemKNN,ItemKNN_s2025_r1,,,2.705533374614276e-06,1.81,0.261,0.2618,0.1458,0.2269,0.428,0.4454,0.2214,0.1786,0.6373,0.7625,0.1755,0.1512
TPU,xla,,47,False,ItemKNN,ItemKNN_s2025_r2,,,3.3993711853249693e-06,2.38,0.2744,0.2733,0.1447,0.233,0.4397,0.4579,0.2324,0.1861,0.6352,0.7699,0.1913,0.1625
TPU,xla,,47,False,ItemKNN,ItemKNN_s2025_r3,,,4.048302877308357e-06,2.73,0.2763,0.2755,0.1484,0.2369,0.4412,0.4597,0.2331,0.1849,0.6267,0.7625,0.1935,0.1651
TPU,xla,,47,False,ItemKNN,ItemKNN_s2025_r4,,,2.7082322268217536e-06,1.8,0.2655,0.2693,0.1408,0.2342,0.432,0.4544,0.2246,0.1857,0.6204,0.7815,0.1836,0.1569
TPU,xla,,47,False,ItemKNN,ItemKNN_s2025_r5,,,3.6765755959357615e-06,2.53,0.2749,0.2737,0.1517,0.2358,0.4376,0.4552,0.2346,0.1866,0.6458,0.7773,0.19,0.162
TPU,xla,,47,False,ItemKNN,ItemKNN_s2025_r6,,,4.163586011697155e-06,2.56,0.2868,0.2816,0.1643,0.2409,0.4488,0.4655,0.2418,0.1869,0.6532,0.7709,0.2011,0.1707
TPU,xla,,47,False,ItemKNN,ItemKNN_s2026_r1,,,2.7337717608844147e-06,2.06,0.2653,0.2675,0.1432,0.231,0.4258,0.4439,0.2267,0.1863,0.6352,0.7688,0.1807,0.1553
TPU,xla,,47,False,ItemKNN,ItemKNN_s2026_r2,,,3.443130954069009e-06,2.18,0.2793,0.2748,0.1467,0.2334,0.4429,0.4603,0.2384,0.1876,0.6437,0.772,0.1941,0.1626
TPU,xla,,47,False,ItemKNN,ItemKNN_s2026_r3,,,4.154833949551115e-06,2.73,0.2833,0.2807,0.153,0.2388,0.4521,0.4699,0.2373,0.1891,0.6458,0.7826,0.1983,0.1671
TPU,xla,,47,False,ItemKNN,ItemKNN_s2026_r4,,,2.6635098435988e-06,2.05,0.2756,0.2735,0.1492,0.2339,0.4372,0.4533,0.2346,0.1881,0.6501,0.772,0.1893,0.161
TPU,xla,,47,False,ItemKNN,ItemKNN_s2026_r5,,,3.6635579466104775e-06,2.31,0.282,0.2787,0.146,0.2337,0.4493,0.4673,0.238,0.1897,0.6405,0.7709,0.1984,0.1662
TPU,xla,,47,False,ItemKNN,ItemKNN_s2026_r6,,,4.299920080958399e-06,2.84,0.2896,0.2815,0.1568,0.2351,0.461,0.476,0.2392,0.1852,0.6522,0.7678,0.2039,0.1695
TPU,xla,,47,False,LightGCN,LightGCN_BPR_r1,BPR,BPR,0.0001010737807446,42.72,0.1286,0.1305,0.0757,0.1175,0.2379,0.2572,0.1118,0.0907,0.4093,0.5504,0.0753,0.0633
TPU,xla,,47,False,LightGCN,LightGCN_BPR_r2,BPR,BPR,3.0091417460578025e-05,13.07,0.1633,0.1651,0.0897,0.143,0.2984,0.3149,0.1345,0.109,0.4677,0.5907,0.1022,0.0874
TPU,xla,,47,False,LightGCN,LightGCN_BPR_r3,BPR,BPR,4.174532529232232e-05,18.02,0.1375,0.1412,0.0823,0.1237,0.2514,0.2696,0.1171,0.099,0.421,0.5536,0.082,0.0709
TPU,xla,,47,False,LightGCN,LightGCN_BPR_r4,BPR,BPR,6.994929900464852e-05,29.78,0.1405,0.1463,0.0823,0.1289,0.2607,0.2811,0.1164,0.1001,0.4199,0.5716,0.0851,0.0743
TPU,xla,,47,False,LightGCN,LightGCN_BPR_r5,BPR,BPR,1.8857549557850435e-05,8.32,0.1666,0.1675,0.0928,0.143,0.2972,0.3165,0.1368,0.1133,0.4539,0.5992,0.1066,0.0894
TPU,xla,,47,False,LightGCN,LightGCN_BPR_r6,BPR,BPR,1.4322749290519706e-05,6.78,0.1278,0.1281,0.0668,0.109,0.2403,0.2571,0.1088,0.0883,0.3955,0.5217,0.0768,0.0631
TPU,xla,,47,False,LightGCN,LightGCN_CE_r1,CE,CE,0.0001038752828342,43.69,0.1286,0.1305,0.0757,0.1175,0.2379,0.2572,0.1118,0.0907,0.4093,0.5504,0.0753,0.0633
TPU,xla,,47,False,LightGCN,LightGCN_CE_r2,CE,CE,2.8585075852157876e-05,12.69,0.1633,0.1651,0.0897,0.143,0.2984,0.3149,0.1345,0.109,0.4677,0.5907,0.1022,0.0874
TPU,xla,,47,False,LightGCN,LightGCN_CE_r3,CE,CE,4.098998494793471e-05,17.71,0.1375,0.1412,0.0823,0.1237,0.2514,0.2696,0.1171,0.099,0.421,0.5536,0.082,0.0709
TPU,xla,,47,False,LightGCN,LightGCN_CE_r4,CE,CE,7.032017793346742e-05,29.78,0.1405,0.1463,0.0823,0.1289,0.2607,0.2811,0.1164,0.1001,0.4199,0.5716,0.0851,0.0743
TPU,xla,,47,False,LightGCN,LightGCN_CE_r5,CE,CE,1.887486999732376e-05,8.58,0.1666,0.1675,0.0928,0.143,0.2972,0.3165,0.1368,0.1133,0.4539,0.5992,0.1066,0.0894
TPU,xla,,47,False,LightGCN,LightGCN_CE_r6,CE,CE,1.4142135470110017e-05,6.41,0.1278,0.1281,0.0668,0.109,0.2403,0.2571,0.1088,0.0883,0.3955,0.5217,0.0768,0.0631
TPU,xla,,47,False,LightGCN,LightGCN_MSE_r1,MSE,MSE,0.0001023983179182,43.2,0.1286,0.1305,0.0757,0.1175,0.2379,0.2572,0.1118,0.0907,0.4093,0.5504,0.0753,0.0633
TPU,xla,,47,False,LightGCN,LightGCN_MSE_r2,MSE,MSE,2.949224662706302e-05,13.0,0.1633,0.1651,0.0897,0.143,0.2984,0.3149,0.1345,0.109,0.4677,0.5907,0.1022,0.0874
TPU,xla,,47,False,LightGCN,LightGCN_MSE_r3,MSE,MSE,4.034961660060732e-05,17.28,0.1375,0.1412,0.0823,0.1237,0.2514,0.2696,0.1171,0.099,0.421,0.5536,0.082,0.0709
TPU,xla,,47,False,LightGCN,LightGCN_MSE_r4,MSE,MSE,6.927889092275324e-05,29.51,0.1405,0.1463,0.0823,0.1289,0.2607,0.2811,0.1164,0.1001,0.4199,0.5716,0.0851,0.0743
TPU,xla,,47,False,LightGCN,LightGCN_MSE_r5,MSE,MSE,1.815050541886841e-05,8.07,0.1666,0.1675,0.0928,0.143,0.2972,0.3165,0.1368,0.1133,0.4539,0.5992,0.1066,0.0894
TPU,xla,,47,False,LightGCN,LightGCN_MSE_r6,MSE,MSE,1.3881915826438123e-05,6.5,0.1278,0.1281,0.0668,0.109,0.2403,0.2571,0.1088,0.0883,0.3955,0.5217,0.0768,0.0631
TPU,xla,,47,False,NGCF,NGCF_BPR_r1,BPR,BPR,0.0001625210835276,67.98,0.0921,0.0992,0.0402,0.0788,0.1686,0.1872,0.0846,0.0817,0.3001,0.4401,0.0542,0.0467
TPU,xla,,47,False,NGCF,NGCF_BPR_r2,BPR,BPR,7.046425578561325e-05,30.0,0.0505,0.0568,0.023,0.0462,0.0937,0.1097,0.0498,0.0503,0.2004,0.3203,0.0265,0.0231
TPU,xla,,47,False,NGCF,NGCF_BPR_r3,BPR,BPR,9.638572541999026e-05,40.78,0.0707,0.0802,0.0312,0.0636,0.1276,0.1469,0.0679,0.0705,0.2556,0.3998,0.0398,0.0352
TPU,xla,,47,False,NGCF,NGCF_BPR_r4,BPR,BPR,9.88210592591265e-05,41.57,0.0838,0.0928,0.042,0.0773,0.1492,0.1681,0.0789,0.0777,0.2906,0.4348,0.0474,0.0429
TPU,xla,,47,False,NGCF,NGCF_BPR_r5,BPR,BPR,3.585853834771318e-05,15.6,0.0288,0.0348,0.0112,0.0258,0.0597,0.0748,0.028,0.0328,0.123,0.2375,0.0143,0.0126
TPU,xla,,47,False,NGCF,NGCF_BPR_r6,BPR,BPR,2.3185045979718164e-05,10.17,0.0472,0.0486,0.02,0.0351,0.0942,0.1068,0.0433,0.0402,0.176,0.2725,0.0258,0.0206
TPU,xla,,47,False,NGCF,NGCF_CE_r1,CE,CE,0.0001619860503614,68.0,0.0935,0.0989,0.0406,0.077,0.1717,0.1883,0.0855,0.0805,0.3043,0.4316,0.0549,0.047
TPU,xla,,47,False,NGCF,NGCF_CE_r2,CE,CE,7.042603828029349e-05,29.78,0.0511,0.0572,0.0232,0.0468,0.0948,0.1098,0.0507,0.0505,0.2057,0.3192,0.0266,0.0233
TPU,xla,,47,False,NGCF,NGCF_CE_r3,CE,CE,9.503102950797388e-05,40.2,0.0724,0.0806,0.0322,0.0638,0.1304,0.1486,0.07,0.0706,0.263,0.404,0.0407,0.0353
TPU,xla,,47,False,NGCF,NGCF_CE_r4,CE,CE,9.811293475070884e-05,41.47,0.0836,0.0923,0.0426,0.0769,0.1469,0.1662,0.0793,0.0773,0.2874,0.4337,0.0475,0.0427
TPU,xla,,47,False,NGCF,NGCF_CE_r5,CE,CE,3.5691088442258164e-05,15.4,0.0288,0.0349,0.0112,0.0259,0.0597,0.0749,0.028,0.0329,0.123,0.2375,0.0143,0.0126
TPU,xla,,47,False,NGCF,NGCF_CE_r6,CE,CE,2.246129199240741e-05,10.08,0.0472,0.0486,0.02,0.0351,0.0942,0.1068,0.0433,0.0402,0.176,0.2725,0.0258,0.0206
TPU,xla,,47,False,NGCF,NGCF_MSE_r1,MSE,MSE,0.0001630054964177,68.39,0.0918,0.0986,0.0395,0.0777,0.1684,0.1865,0.0844,0.081,0.299,0.4369,0.0538,0.0466
TPU,xla,,47,False,NGCF,NGCF_MSE_r2,MSE,MSE,7.00950072709019e-05,29.67,0.0506,0.057,0.0235,0.0465,0.0944,0.1103,0.0496,0.0503,0.2004,0.3203,0.0265,0.0232
TPU,xla,,47,False,NGCF,NGCF_MSE_r3,MSE,MSE,9.454823371599632e-05,39.98,0.0718,0.0809,0.0312,0.0639,0.13,0.149,0.0689,0.0708,0.2587,0.4019,0.0407,0.0355
TPU,xla,,47,False,NGCF,NGCF_MSE_r4,MSE,MSE,9.7882528062537e-05,41.2,0.0848,0.0931,0.0426,0.0769,0.1499,0.1684,0.08,0.078,0.2916,0.4316,0.0483,0.0432
TPU,xla,,47,False,NGCF,NGCF_MSE_r5,MSE,MSE,3.595021638815702e-05,15.68,0.0288,0.0348,0.0112,0.0258,0.0597,0.0748,0.028,0.0328,0.123,0.2375,0.0143,0.0126
TPU,xla,,47,False,NGCF,NGCF_MSE_r6,MSE,MSE,2.349669249772269e-05,10.48,0.0472,0.0486,0.02,0.0351,0.0942,0.1068,0.0433,0.0402,0.176,0.2725,0.0258,0.0206
TPU,xla,,47,False,NeuMF,NeuMF_BPR_r1,BPR,BPR,6.761118414239496e-05,28.79,0.2397,0.2373,0.1288,0.1994,0.3926,0.4095,0.2025,0.162,0.5885,0.7116,0.1634,0.138
TPU,xla,,47,False,NeuMF,NeuMF_BPR_r2,BPR,BPR,4.594219065435998e-05,19.6,0.1459,0.1487,0.0769,0.1239,0.2623,0.2807,0.1287,0.1094,0.4411,0.5758,0.0887,0.075
TPU,xla,,47,False,NeuMF,NeuMF_BPR_r3,BPR,BPR,3.5875554995314826e-05,15.6,0.2193,0.2164,0.1117,0.1741,0.3694,0.3873,0.1839,0.1492,0.5355,0.6681,0.1483,0.1234
TPU,xla,,47,False,NeuMF,NeuMF_BPR_r4,BPR,BPR,5.286986478106222e-05,22.5,0.2296,0.2281,0.1237,0.1922,0.3752,0.3926,0.1962,0.1578,0.5779,0.7063,0.1544,0.1308
TPU,xla,,47,False,NeuMF,NeuMF_BPR_r5,BPR,BPR,3.4294065777189814e-05,14.98,0.1203,0.1332,0.0584,0.1184,0.2245,0.2495,0.1063,0.1012,0.3765,0.5578,0.0712,0.0632
TPU,xla,,47,False,NeuMF,NeuMF_BPR_r6,BPR,BPR,3.204584914105136e-05,13.78,0.1306,0.1314,0.0653,0.1021,0.2286,0.2449,0.1183,0.0998,0.3987,0.5154,0.0794,0.0664
TPU,xla,,47,False,NeuMF,NeuMF_CE_r1,CE,CE,6.897445552619312e-05,29.37,0.2397,0.2373,0.1288,0.1994,0.3926,0.4095,0.2025,0.162,0.5885,0.7116,0.1634,0.138
TPU,xla,,47,False,NeuMF,NeuMF_CE_r2,CE,CE,4.777835921141677e-05,20.51,0.1459,0.1487,0.0769,0.1239,0.2623,0.2807,0.1287,0.1094,0.4411,0.5758,0.0887,0.075
TPU,xla,,47,False,NeuMF,NeuMF_CE_r3,CE,CE,3.7078723042584565e-05,15.89,0.2193,0.2164,0.1117,0.1741,0.3694,0.3873,0.1839,0.1492,0.5355,0.6681,0.1483,0.1234
TPU,xla,,47,False,NeuMF,NeuMF_CE_r4,CE,CE,5.4088305048688926e-05,23.17,0.2296,0.2281,0.1237,0.1922,0.3752,0.3926,0.1962,0.1578,0.5779,0.7063,0.1544,0.1308
TPU,xla,,47,False,NeuMF,NeuMF_CE_r5,CE,CE,3.520626032188119e-05,15.29,0.1203,0.1332,0.0584,0.1184,0.2245,0.2495,0.1063,0.1012,0.3765,0.5578,0.0712,0.0632
TPU,xla,,47,False,NeuMF,NeuMF_CE_r6,CE,CE,3.109965449618563e-05,13.41,0.1306,0.1314,0.0653,0.1021,0.2286,0.2449,0.1183,0.0998,0.3987,0.5154,0.0794,0.0664
TPU,xla,,47,False,NeuMF,NeuMF_MSE_r1,MSE,MSE,7.073471548558658e-05,30.06,0.2397,0.2373,0.1288,0.1994,0.3926,0.4095,0.2025,0.162,0.5885,0.7116,0.1634,0.138
TPU,xla,,47,False,NeuMF,NeuMF_MSE_r2,MSE,MSE,4.796595279767276e-05,20.39,0.1459,0.1487,0.0769,0.1239,0.2623,0.2807,0.1287,0.1094,0.4411,0.5758,0.0887,0.075
TPU,xla,,47,False,NeuMF,NeuMF_MSE_r3,MSE,MSE,3.6559248173371536e-05,15.91,0.2193,0.2164,0.1117,0.1741,0.3694,0.3873,0.1839,0.1492,0.5355,0.6681,0.1483,0.1234
TPU,xla,,47,False,NeuMF,NeuMF_MSE_r4,MSE,MSE,5.314025189820988e-05,22.77,0.2296,0.2281,0.1237,0.1922,0.3752,0.3926,0.1962,0.1578,0.5779,0.7063,0.1544,0.1308
TPU,xla,,47,False,NeuMF,NeuMF_MSE_r5,MSE,MSE,3.426446252894488e-05,14.78,0.1203,0.1332,0.0584,0.1184,0.2245,0.2495,0.1063,0.1012,0.3765,0.5578,0.0712,0.0632
TPU,xla,,47,False,NeuMF,NeuMF_MSE_r6,MSE,MSE,3.21135259770356e-05,14.1,0.1306,0.1314,0.0653,0.1021,0.2286,0.2449,0.1183,0.0998,0.3987,0.5154,0.0794,0.0664
TPU,xla,,47,False,Pop,Pop_s2024_r1,,,1.638422857413824e-06,1.15,0.0546,0.0577,0.0227,0.0414,0.109,0.1234,0.0488,0.0469,0.2004,0.3054,0.0302,0.0248
TPU,xla,,47,False,Pop,Pop_s2024_r2,,,1.037053177589237e-06,1.15,0.0973,0.1055,0.06,0.099,0.1728,0.1893,0.0891,0.0778,0.3404,0.4592,0.0547,0.0501
TPU,xla,,47,False,Pop,Pop_s2024_r3,,,1.1249464656702291e-06,0.93,0.1189,0.1262,0.0732,0.1147,0.2088,0.2274,0.1067,0.092,0.4019,0.5408,0.0687,0.0615
TPU,xla,,47,False,Pop,Pop_s2024_r4,,,1.3169604103876603e-06,1.24,0.1213,0.1277,0.0701,0.1118,0.2241,0.2444,0.1071,0.094,0.3966,0.5419,0.07,0.0612
TPU,xla,,47,False,Pop,Pop_s2024_r5,,,1.7239066184665678e-06,1.41,0.1273,0.131,0.0727,0.1169,0.2347,0.2536,0.1124,0.0941,0.4072,0.5472,0.0741,0.0631
TPU,xla,,47,False,Pop,Pop_s2024_r6,,,2.603058838369159e-06,1.6,0.129,0.1322,0.0737,0.116,0.2361,0.2557,0.113,0.0946,0.404,0.544,0.0761,0.0644
TPU,xla,,47,False,Pop,Pop_s2025_r1,,,1.754436166122008e-06,1.46,0.0452,0.049,0.0197,0.0397,0.0869,0.1014,0.0467,0.0445,0.1962,0.3118,0.0225,0.0184
TPU,xla,,47,False,Pop,Pop_s2025_r2,,,1.0209315421808194e-06,0.94,0.1124,0.1152,0.0604,0.1046,0.1953,0.2146,0.1063,0.088,0.3754,0.5228,0.0653,0.0536
TPU,xla,,47,False,Pop,Pop_s2025_r3,,,1.124863962038228e-06,1.15,0.1192,0.1248,0.0688,0.1147,0.2123,0.2344,0.1092,0.0935,0.3966,0.5589,0.0686,0.0577
TPU,xla,,47,False,Pop,Pop_s2025_r4,,,1.3331291060751031e-06,1.02,0.1282,0.1309,0.0729,0.1143,0.228,0.2478,0.1145,0.0961,0.4125,0.5578,0.0756,0.0633
TPU,xla,,47,False,Pop,Pop_s2025_r5,,,1.7283629631403464e-06,1.41,0.1268,0.1311,0.0739,0.1151,0.2258,0.2466,0.1126,0.0966,0.4072,0.5599,0.0748,0.0634
TPU,xla,,47,False,Pop,Pop_s2025_r6,,,2.4843563314541587e-06,1.69,0.1265,0.1301,0.0729,0.114,0.2255,0.246,0.1126,0.0953,0.4072,0.5567,0.0745,0.0629
TPU,xla,,47,False,Pop,Pop_s2026_r1,,,1.5920780638301805e-06,1.16,0.0438,0.0494,0.0237,0.0436,0.0779,0.0943,0.0462,0.0449,0.193,0.3171,0.0212,0.0184
TPU,xla,,47,False,Pop,Pop_s2026_r2,,,1.0404497570850044e-06,1.13,0.1164,0.1265,0.0611,0.1153,0.2109,0.2325,0.1063,0.097,0.3902,0.5536,0.0677,0.059
TPU,xla,,47,False,Pop,Pop_s2026_r3,,,1.144508124011066e-06,0.93,0.1377,0.1386,0.0755,0.1197,0.2508,0.2686,0.1198,0.0993,0.4263,0.5589,0.0821,0.0679
TPU,xla,,47,False,Pop,Pop_s2026_r4,,,1.376157650721761e-06,1.26,0.1364,0.1422,0.0781,0.1247,0.249,0.2694,0.1179,0.1027,0.421,0.5695,0.0812,0.0699
TPU,xla,,47,False,Pop,Pop_s2026_r5,,,1.714626770586585e-06,1.43,0.139,0.143,0.0784,0.1247,0.2562,0.2759,0.1194,0.102,0.4263,0.5737,0.0831,0.0704
TPU,xla,,47,False,Pop,Pop_s2026_r6,,,2.5023822017218517e-06,1.54,0.1397,0.1445,0.0809,0.1265,0.2548,0.2754,0.1194,0.1029,0.4263,0.5769,0.0837,0.0717
TPU,xla,,47,False,Random,Random_s2024_r1,,,9.89983664288322e-07,1.13,0.0075,0.0074,0.0031,0.005,0.0171,0.0204,0.0074,0.0066,0.0361,0.0626,0.0035,0.0024
TPU,xla,,47,False,Random,Random_s2024_r2,,,1.0363439872545363e-06,0.91,0.0075,0.0074,0.0031,0.005,0.0171,0.0204,0.0074,0.0066,0.0361,0.0626,0.0035,0.0024
TPU,xla,,47,False,Random,Random_s2024_r3,,,1.1007626108476185e-06,1.24,0.0075,0.0074,0.0031,0.005,0.0171,0.0204,0.0074,0.0066,0.0361,0.0626,0.0035,0.0024
TPU,xla,,47,False,Random,Random_s2024_r4,,,1.3147354967442829e-06,1.03,0.0075,0.0074,0.0031,0.005,0.0171,0.0204,0.0074,0.0066,0.0361,0.0626,0.0035,0.0024
TPU,xla,,47,False,Random,Random_s2024_r5,,,1.680918878793498e-06,1.36,0.0075,0.0074,0.0031,0.005,0.0171,0.0204,0.0074,0.0066,0.0361,0.0626,0.0035,0.0024
TPU,xla,,47,False,Random,Random_s2024_r6,,,2.470670337911117e-06,1.73,0.0075,0.0074,0.0031,0.005,0.0171,0.0204,0.0074,0.0066,0.0361,0.0626,0.0035,0.0024
TPU,xla,,47,False,Random,Random_s2025_r1,,,9.777211075958978e-07,0.88,0.0065,0.0077,0.0024,0.0055,0.0139,0.0186,0.0066,0.0074,0.0329,0.0689,0.0029,0.0024
TPU,xla,,47,False,Random,Random_s2025_r2,,,1.0388113639983505e-06,1.16,0.0065,0.0077,0.0024,0.0055,0.0139,0.0186,0.0066,0.0074,0.0329,0.0689,0.0029,0.0024
TPU,xla,,47,False,Random,Random_s2025_r3,,,1.2828721585966653e-06,1.04,0.0065,0.0077,0.0024,0.0055,0.0139,0.0186,0.0066,0.0074,0.0329,0.0689,0.0029,0.0024
TPU,xla,,47,False,Random,Random_s2025_r4,,,1.3313178962283698e-06,1.25,0.0065,0.0077,0.0024,0.0055,0.0139,0.0186,0.0066,0.0074,0.0329,0.0689,0.0029,0.0024
TPU,xla,,47,False,Random,Random_s2025_r5,,,1.6541488653326598e-06,1.37,0.0065,0.0077,0.0024,0.0055,0.0139,0.0186,0.0066,0.0074,0.0329,0.0689,0.0029,0.0024
TPU,xla,,47,False,Random,Random_s2025_r6,,,2.3515685665280435e-06,1.47,0.0065,0.0077,0.0024,0.0055,0.0139,0.0186,0.0066,0.0074,0.0329,0.0689,0.0029,0.0024
TPU,xla,,47,False,Random,Random_s2026_r1,,,9.874583423426116e-07,1.09,0.0077,0.0083,0.0028,0.0067,0.0172,0.021,0.0074,0.0072,0.0361,0.0668,0.0036,0.0028
TPU,xla,,47,False,Random,Random_s2026_r2,,,1.0119128604932648e-06,0.89,0.0077,0.0083,0.0028,0.0067,0.0172,0.021,0.0074,0.0072,0.0361,0.0668,0.0036,0.0028
TPU,xla,,47,False,Random,Random_s2026_r3,,,1.0940557700497576e-06,1.17,0.0077,0.0083,0.0028,0.0067,0.0172,0.021,0.0074,0.0072,0.0361,0.0668,0.0036,0.0028
TPU,xla,,47,False,Random,Random_s2026_r4,,,1.3134968727325851e-06,0.99,0.0077,0.0083,0.0028,0.0067,0.0172,0.021,0.0074,0.0072,0.0361,0.0668,0.0036,0.0028
TPU,xla,,47,False,Random,Random_s2026_r5,,,1.6918317668109884e-06,1.39,0.0077,0.0083,0.0028,0.0067,0.0172,0.021,0.0074,0.0072,0.0361,0.0668,0.0036,0.0028
TPU,xla,,47,False,Random,Random_s2026_r6,,,2.459273535312936e-06,1.72,0.0077,0.0083,0.0028,0.0067,0.0172,0.021,0.0074,0.0072,0.0361,0.0668,0.0036,0.0028
TPU_HighRAM,xla,,172,True,BPR,BPR_BPR_r1,BPR,BPR,9.470947133796582e-06,3.22,0.1635,0.1606,0.0852,0.1292,0.2926,0.3087,0.1406,0.1144,0.4592,0.5822,0.1025,0.0842
TPU_HighRAM,xla,,172,True,BPR,BPR_BPR_r2,BPR,BPR,6.017505362401933e-06,1.5,0.0522,0.0504,0.0181,0.0314,0.1038,0.1139,0.0498,0.0439,0.1888,0.2662,0.0285,0.0211
TPU_HighRAM,xla,,172,True,BPR,BPR_BPR_r3,BPR,BPR,4.825388841265363e-06,1.09,0.1412,0.1407,0.0584,0.107,0.2496,0.2688,0.1262,0.1085,0.386,0.5292,0.0907,0.0726
TPU_HighRAM,xla,,172,True,BPR,BPR_BPR_r4,BPR,BPR,6.95109168011574e-06,1.64,0.1564,0.149,0.0633,0.1008,0.2765,0.2911,0.1364,0.1127,0.4019,0.5101,0.1028,0.0807
TPU_HighRAM,xla,,172,True,BPR,BPR_BPR_r5,BPR,BPR,4.579314212870111e-06,1.04,0.0964,0.0961,0.0346,0.065,0.181,0.1958,0.0899,0.0814,0.3022,0.4157,0.0572,0.045
TPU_HighRAM,xla,,172,True,BPR,BPR_BPR_r6,BPR,BPR,4.172304890340822e-06,1.25,0.0147,0.0141,0.0068,0.0108,0.031,0.0358,0.0142,0.0112,0.0657,0.1029,0.007,0.0051
TPU_HighRAM,xla,,172,True,BPR,BPR_CE_r1,CE,CE,9.352933583543312e-06,1.95,0.1635,0.1606,0.0852,0.1292,0.2926,0.3087,0.1406,0.1144,0.4592,0.5822,0.1025,0.0842
TPU_HighRAM,xla,,172,True,BPR,BPR_CE_r2,CE,CE,6.1998660039515925e-06,1.29,0.0522,0.0504,0.0181,0.0314,0.1038,0.1139,0.0498,0.0439,0.1888,0.2662,0.0285,0.0211
TPU_HighRAM,xla,,172,True,BPR,BPR_CE_r3,CE,CE,4.756641877027635e-06,1.31,0.1412,0.1407,0.0584,0.107,0.2496,0.2688,0.1262,0.1085,0.386,0.5292,0.0907,0.0726
TPU_HighRAM,xla,,172,True,BPR,BPR_CE_r4,CE,CE,7.195957761012045e-06,1.67,0.1564,0.149,0.0633,0.1008,0.2765,0.2911,0.1364,0.1127,0.4019,0.5101,0.1028,0.0807
TPU_HighRAM,xla,,172,True,BPR,BPR_CE_r5,CE,CE,4.659565486764925e-06,1.09,0.0964,0.0961,0.0346,0.065,0.181,0.1958,0.0899,0.0814,0.3022,0.4157,0.0572,0.045
TPU_HighRAM,xla,,172,True,BPR,BPR_CE_r6,CE,CE,4.186731715315593e-06,1.22,0.0147,0.0141,0.0068,0.0108,0.031,0.0358,0.0142,0.0112,0.0657,0.1029,0.007,0.0051
TPU_HighRAM,xla,,172,True,BPR,BPR_MSE_r1,MSE,MSE,9.3827364712506e-06,1.74,0.1635,0.1606,0.0852,0.1292,0.2926,0.3087,0.1406,0.1144,0.4592,0.5822,0.1025,0.0842
TPU_HighRAM,xla,,172,True,BPR,BPR_MSE_r2,MSE,MSE,5.948288059378672e-06,1.47,0.0522,0.0504,0.0181,0.0314,0.1038,0.1139,0.0498,0.0439,0.1888,0.2662,0.0285,0.0211
TPU_HighRAM,xla,,172,True,BPR,BPR_MSE_r3,MSE,MSE,4.853887863997715e-06,1.08,0.1412,0.1407,0.0584,0.107,0.2496,0.2688,0.1262,0.1085,0.386,0.5292,0.0907,0.0726
TPU_HighRAM,xla,,172,True,BPR,BPR_MSE_r4,MSE,MSE,7.364371702047309e-06,1.68,0.1564,0.149,0.0633,0.1008,0.2765,0.2911,0.1364,0.1127,0.4019,0.5101,0.1028,0.0807
TPU_HighRAM,xla,,172,True,BPR,BPR_MSE_r5,MSE,MSE,4.4353391870797885e-06,1.26,0.0964,0.0961,0.0346,0.065,0.181,0.1958,0.0899,0.0814,0.3022,0.4157,0.0572,0.045
TPU_HighRAM,xla,,172,True,BPR,BPR_MSE_r6,MSE,MSE,4.170946662226421e-06,0.99,0.0147,0.0141,0.0068,0.0108,0.031,0.0358,0.0142,0.0112,0.0657,0.1029,0.007,0.0051
TPU_HighRAM,xla,,172,True,FM,FM_s2024_r1,,,4.298147432149792e-05,6.95,0.0386,0.0425,0.0145,0.0314,0.0744,0.0884,0.0375,0.0381,0.1432,0.2513,0.0209,0.0173
TPU_HighRAM,xla,,172,True,FM,FM_s2024_r2,,,3.088951452605059e-05,4.95,0.0285,0.0293,0.0095,0.0188,0.0614,0.0709,0.0267,0.0258,0.1135,0.1856,0.015,0.0113
TPU_HighRAM,xla,,172,True,FM,FM_s2024_r3,,,2.5374268743782905e-05,4.35,0.0503,0.0511,0.0192,0.0374,0.0972,0.111,0.0473,0.0433,0.1771,0.281,0.0282,0.0213
TPU_HighRAM,xla,,172,True,FM,FM_s2024_r4,,,3.575654054651893e-05,5.65,0.047,0.0499,0.018,0.0366,0.089,0.1042,0.0462,0.0438,0.1697,0.2789,0.0261,0.0211
TPU_HighRAM,xla,,172,True,FM,FM_s2024_r5,,,2.6174367415219706e-05,4.49,0.0474,0.0503,0.0176,0.0369,0.0946,0.1074,0.0435,0.0427,0.1654,0.2641,0.027,0.0215
TPU_HighRAM,xla,,172,True,FM,FM_s2024_r6,,,2.41126788399319e-05,4.16,0.0169,0.0193,0.0072,0.0147,0.037,0.0458,0.0161,0.0172,0.0785,0.1463,0.0082,0.0067
TPU_HighRAM,xla,,172,True,FM,FM_s2025_r1,,,4.314390096052135e-05,6.73,0.0457,0.0441,0.0185,0.0308,0.0892,0.1001,0.0445,0.0376,0.1771,0.2598,0.0243,0.0181
TPU_HighRAM,xla,,172,True,FM,FM_s2025_r2,,,3.113905103272102e-05,5.23,0.0351,0.0366,0.0135,0.0267,0.0735,0.0856,0.0331,0.032,0.14,0.2365,0.0183,0.014
TPU_HighRAM,xla,,172,True,FM,FM_s2025_r3,,,2.600569812748537e-05,4.24,0.0415,0.0435,0.0162,0.0311,0.0788,0.0929,0.0405,0.0386,0.1516,0.2577,0.0228,0.0177
TPU_HighRAM,xla,,172,True,FM,FM_s2025_r4,,,3.554753538616805e-05,5.86,0.0421,0.0457,0.0155,0.034,0.0762,0.0903,0.0435,0.0425,0.1633,0.2672,0.0232,0.0189
TPU_HighRAM,xla,,172,True,FM,FM_s2025_r5,,,2.4692815644294008e-05,4.25,0.0415,0.0393,0.0151,0.0263,0.0852,0.0938,0.0384,0.0323,0.1548,0.2216,0.023,0.0167
TPU_HighRAM,xla,,172,True,FM,FM_s2025_r6,,,2.50032331346246e-05,4.07,0.0231,0.0257,0.0082,0.0181,0.0535,0.0658,0.0199,0.0226,0.0944,0.1888,0.0121,0.0093
TPU_HighRAM,xla,,172,True,FM,FM_s2026_r1,,,4.326781683220949e-05,6.97,0.0442,0.0469,0.0192,0.038,0.0833,0.0978,0.0441,0.0409,0.1771,0.2853,0.0234,0.0185
TPU_HighRAM,xla,,172,True,FM,FM_s2026_r2,,,3.269624505243551e-05,5.2,0.033,0.0357,0.0138,0.0278,0.0632,0.0749,0.0335,0.0318,0.1389,0.2259,0.0166,0.0136
TPU_HighRAM,xla,,172,True,FM,FM_s2026_r3,,,2.689182426363216e-05,4.59,0.0643,0.0609,0.0255,0.0425,0.1231,0.1341,0.0596,0.0485,0.2206,0.3043,0.0362,0.0269
TPU_HighRAM,xla,,172,True,FM,FM_s2026_r4,,,3.653843840425993e-05,6.02,0.0529,0.0533,0.0198,0.0382,0.1046,0.1189,0.0484,0.044,0.1824,0.2906,0.0299,0.0227
TPU_HighRAM,xla,,172,True,FM,FM_s2026_r5,,,2.6144705745133245e-05,4.24,0.0522,0.0509,0.0215,0.038,0.1012,0.1121,0.0496,0.0413,0.1941,0.2757,0.0287,0.0216
TPU_HighRAM,xla,,172,True,FM,FM_s2026_r6,,,2.5321591661055128e-05,4.41,0.0115,0.0135,0.0055,0.0114,0.0201,0.0275,0.0138,0.0138,0.0626,0.1177,0.0048,0.0041
TPU_HighRAM,xla,,172,True,ItemKNN,ItemKNN_s2024_r1,,,6.15813692856071e-06,1.7,0.2556,0.2594,0.1456,0.2316,0.4017,0.4195,0.2221,0.1797,0.6246,0.7508,0.1747,0.152
TPU_HighRAM,xla,,172,True,ItemKNN,ItemKNN_s2024_r2,,,7.776136127999672e-06,1.98,0.276,0.272,0.1489,0.2332,0.4365,0.4553,0.2363,0.1854,0.632,0.7699,0.193,0.161
TPU_HighRAM,xla,,172,True,ItemKNN,ItemKNN_s2024_r3,,,9.309145628914696e-06,2.02,0.2829,0.2787,0.1564,0.2395,0.4559,0.471,0.2382,0.186,0.6564,0.7699,0.1966,0.1663
TPU_HighRAM,xla,,172,True,ItemKNN,ItemKNN_s2024_r4,,,6.273752019413876e-06,1.79,0.2635,0.2675,0.1466,0.2351,0.4171,0.4354,0.2263,0.185,0.6235,0.7603,0.1822,0.1576
TPU_HighRAM,xla,,172,True,ItemKNN,ItemKNN_s2024_r5,,,8.524070083297538e-06,1.89,0.2755,0.2755,0.1512,0.2399,0.4354,0.4529,0.2373,0.19,0.6426,0.772,0.1904,0.1631
TPU_HighRAM,xla,,172,True,ItemKNN,ItemKNN_s2024_r6,,,9.780983132310245e-06,2.42,0.284,0.2802,0.1588,0.2372,0.4619,0.4759,0.2339,0.1849,0.6649,0.7688,0.1974,0.1683
TPU_HighRAM,xla,,172,True,ItemKNN,ItemKNN_s2025_r1,,,6.304770163760673e-06,1.49,0.261,0.2618,0.1458,0.2269,0.428,0.4454,0.2214,0.1786,0.6373,0.7625,0.1755,0.1512
TPU_HighRAM,xla,,172,True,ItemKNN,ItemKNN_s2025_r2,,,7.806980195383896e-06,2.06,0.2744,0.2733,0.1447,0.233,0.4397,0.4579,0.2324,0.1861,0.6352,0.7699,0.1913,0.1625
TPU_HighRAM,xla,,172,True,ItemKNN,ItemKNN_s2025_r3,,,9.364258473279112e-06,2.29,0.2763,0.2755,0.1484,0.2369,0.4412,0.4597,0.2331,0.1849,0.6267,0.7625,0.1935,0.1651
TPU_HighRAM,xla,,172,True,ItemKNN,ItemKNN_s2025_r4,,,6.315275537137229e-06,1.5,0.2655,0.2693,0.1408,0.2342,0.432,0.4544,0.2246,0.1857,0.6204,0.7815,0.1836,0.1569
TPU_HighRAM,xla,,172,True,ItemKNN,ItemKNN_s2025_r5,,,8.522289018001413e-06,2.15,0.2749,0.2737,0.1517,0.2358,0.4376,0.4552,0.2346,0.1866,0.6458,0.7773,0.19,0.162
TPU_HighRAM,xla,,172,True,ItemKNN,ItemKNN_s2025_r6,,,9.503126807984444e-06,2.1,0.2868,0.2816,0.1643,0.2409,0.4488,0.4655,0.2418,0.1869,0.6532,0.7709,0.2011,0.1707
TPU_HighRAM,xla,,172,True,ItemKNN,ItemKNN_s2026_r1,,,6.282720170162786e-06,1.79,0.2653,0.2675,0.1432,0.231,0.4258,0.4439,0.2267,0.1863,0.6352,0.7688,0.1807,0.1553
TPU_HighRAM,xla,,172,True,ItemKNN,ItemKNN_s2026_r2,,,8.020956938033457e-06,1.79,0.2793,0.2748,0.1467,0.2334,0.4429,0.4603,0.2384,0.1876,0.6437,0.772,0.1941,0.1626
TPU_HighRAM,xla,,172,True,ItemKNN,ItemKNN_s2026_r3,,,9.493797848883488e-06,2.29,0.2833,0.2807,0.153,0.2388,0.4521,0.4699,0.2373,0.1891,0.6458,0.7826,0.1983,0.1671
TPU_HighRAM,xla,,172,True,ItemKNN,ItemKNN_s2026_r4,,,6.273890270337655e-06,1.76,0.2756,0.2735,0.1492,0.2339,0.4372,0.4533,0.2346,0.1881,0.6501,0.772,0.1893,0.161
TPU_HighRAM,xla,,172,True,ItemKNN,ItemKNN_s2026_r5,,,8.511157243744037e-06,1.88,0.282,0.2787,0.146,0.2337,0.4493,0.4673,0.238,0.1897,0.6405,0.7709,0.1984,0.1662
TPU_HighRAM,xla,,172,True,ItemKNN,ItemKNN_s2026_r6,,,9.521138682963292e-06,2.37,0.2896,0.2815,0.1568,0.2351,0.461,0.476,0.2392,0.1852,0.6522,0.7678,0.2039,0.1695
TPU_HighRAM,xla,,172,True,LightGCN,LightGCN_BPR_r1,BPR,BPR,9.27244900949694e-05,14.17,0.1286,0.1305,0.0757,0.1175,0.2379,0.2572,0.1118,0.0907,0.4093,0.5504,0.0753,0.0633
TPU_HighRAM,xla,,172,True,LightGCN,LightGCN_BPR_r2,BPR,BPR,2.679426662322698e-05,4.34,0.1633,0.1651,0.0897,0.143,0.2984,0.3149,0.1345,0.109,0.4677,0.5907,0.1022,0.0874
TPU_HighRAM,xla,,172,True,LightGCN,LightGCN_BPR_r3,BPR,BPR,3.548435276967891e-05,5.81,0.1375,0.1412,0.0823,0.1237,0.2514,0.2696,0.1171,0.099,0.421,0.5536,0.082,0.0709
TPU_HighRAM,xla,,172,True,LightGCN,LightGCN_BPR_r4,BPR,BPR,6.336346798124226e-05,9.87,0.1405,0.1463,0.0823,0.1289,0.2607,0.2811,0.1164,0.1001,0.4199,0.5716,0.0851,0.0743
TPU_HighRAM,xla,,172,True,LightGCN,LightGCN_BPR_r5,BPR,BPR,1.65956828062027e-05,2.82,0.1666,0.1675,0.0928,0.143,0.2972,0.3165,0.1368,0.1133,0.4539,0.5992,0.1066,0.0894
TPU_HighRAM,xla,,172,True,LightGCN,LightGCN_BPR_r6,BPR,BPR,1.20951792078228e-05,2.41,0.1278,0.1281,0.0668,0.109,0.2403,0.2571,0.1088,0.0883,0.3955,0.5217,0.0768,0.0631
TPU_HighRAM,xla,,172,True,LightGCN,LightGCN_CE_r1,CE,CE,9.259075112301416e-05,13.89,0.1286,0.1305,0.0757,0.1175,0.2379,0.2572,0.1118,0.0907,0.4093,0.5504,0.0753,0.0633
TPU_HighRAM,xla,,172,True,LightGCN,LightGCN_CE_r2,CE,CE,2.6527704317137075e-05,4.49,0.1633,0.1651,0.0897,0.143,0.2984,0.3149,0.1345,0.109,0.4677,0.5907,0.1022,0.0874
TPU_HighRAM,xla,,172,True,LightGCN,LightGCN_CE_r3,CE,CE,3.662348641036415e-05,5.99,0.1375,0.1412,0.0823,0.1237,0.2514,0.2696,0.1171,0.099,0.421,0.5536,0.082,0.0709
TPU_HighRAM,xla,,172,True,LightGCN,LightGCN_CE_r4,CE,CE,6.134966845362958e-05,9.33,0.1405,0.1463,0.0823,0.1289,0.2607,0.2811,0.1164,0.1001,0.4199,0.5716,0.0851,0.0743
TPU_HighRAM,xla,,172,True,LightGCN,LightGCN_CE_r5,CE,CE,1.674582152533946e-05,3.11,0.1666,0.1675,0.0928,0.143,0.2972,0.3165,0.1368,0.1133,0.4539,0.5992,0.1066,0.0894
TPU_HighRAM,xla,,172,True,LightGCN,LightGCN_CE_r6,CE,CE,1.1410052762771265e-05,2.08,0.1278,0.1281,0.0668,0.109,0.2403,0.2571,0.1088,0.0883,0.3955,0.5217,0.0768,0.0631
TPU_HighRAM,xla,,172,True,LightGCN,LightGCN_MSE_r1,MSE,MSE,9.14869804313719e-05,13.93,0.1286,0.1305,0.0757,0.1175,0.2379,0.2572,0.1118,0.0907,0.4093,0.5504,0.0753,0.0633
TPU_HighRAM,xla,,172,True,LightGCN,LightGCN_MSE_r2,MSE,MSE,2.6503648008049523e-05,4.49,0.1633,0.1651,0.0897,0.143,0.2984,0.3149,0.1345,0.109,0.4677,0.5907,0.1022,0.0874
TPU_HighRAM,xla,,172,True,LightGCN,LightGCN_MSE_r3,MSE,MSE,3.725252339332675e-05,5.82,0.1375,0.1412,0.0823,0.1237,0.2514,0.2696,0.1171,0.099,0.421,0.5536,0.082,0.0709
TPU_HighRAM,xla,,172,True,LightGCN,LightGCN_MSE_r4,MSE,MSE,6.209844090657835e-05,9.67,0.1405,0.1463,0.0823,0.1289,0.2607,0.2811,0.1164,0.1001,0.4199,0.5716,0.0851,0.0743
TPU_HighRAM,xla,,172,True,LightGCN,LightGCN_MSE_r5,MSE,MSE,1.6366376369297828e-05,2.82,0.1666,0.1675,0.0928,0.143,0.2972,0.3165,0.1368,0.1133,0.4539,0.5992,0.1066,0.0894
TPU_HighRAM,xla,,172,True,LightGCN,LightGCN_MSE_r6,MSE,MSE,1.1883768798835657e-05,2.39,0.1278,0.1281,0.0668,0.109,0.2403,0.2571,0.1088,0.0883,0.3955,0.5217,0.0768,0.0631
TPU_HighRAM,xla,,172,True,NGCF,NGCF_BPR_r1,BPR,BPR,0.0001355588775567,20.14,0.0921,0.0996,0.0404,0.08,0.1699,0.1876,0.084,0.0818,0.3001,0.438,0.0541,0.047
TPU_HighRAM,xla,,172,True,NGCF,NGCF_BPR_r2,BPR,BPR,6.03580677356974e-05,9.43,0.0505,0.0568,0.023,0.0462,0.0937,0.1097,0.0498,0.0503,0.2004,0.3203,0.0265,0.0231
TPU_HighRAM,xla,,172,True,NGCF,NGCF_BPR_r3,BPR,BPR,8.240153602424199e-05,12.63,0.0728,0.0812,0.033,0.0646,0.1288,0.1472,0.071,0.0717,0.2651,0.4083,0.0409,0.0355
TPU_HighRAM,xla,,172,True,NGCF,NGCF_BPR_r4,BPR,BPR,8.334142655358222e-05,12.55,0.083,0.0927,0.0414,0.0765,0.149,0.1684,0.0774,0.0776,0.2831,0.4305,0.0472,0.043
TPU_HighRAM,xla,,172,True,NGCF,NGCF_BPR_r5,BPR,BPR,3.2452532241711926e-05,5.38,0.0288,0.0348,0.0116,0.0261,0.0596,0.0746,0.0278,0.0326,0.122,0.2354,0.0143,0.0126
TPU_HighRAM,xla,,172,True,NGCF,NGCF_BPR_r6,BPR,BPR,1.7711280566696476e-05,3.0,0.0472,0.0486,0.02,0.0351,0.0942,0.1068,0.0433,0.0402,0.176,0.2725,0.0258,0.0206
TPU_HighRAM,xla,,172,True,NGCF,NGCF_CE_r1,CE,CE,0.0001368801202066,20.57,0.0919,0.0995,0.0387,0.0781,0.1701,0.189,0.0834,0.0815,0.2927,0.4369,0.0544,0.0471
TPU_HighRAM,xla,,172,True,NGCF,NGCF_CE_r2,CE,CE,5.976005333829928e-05,9.11,0.0501,0.0573,0.0226,0.0472,0.0935,0.1101,0.049,0.0506,0.1972,0.3213,0.0264,0.0232
TPU_HighRAM,xla,,172,True,NGCF,NGCF_CE_r3,CE,CE,8.368874654686568e-05,12.84,0.0717,0.0804,0.0322,0.0638,0.1285,0.1475,0.0696,0.0706,0.2598,0.403,0.0402,0.0351
TPU_HighRAM,xla,,172,True,NGCF,NGCF_CE_r4,CE,CE,8.501794770152299e-05,13.05,0.083,0.0925,0.0414,0.0765,0.149,0.1683,0.0774,0.0774,0.2831,0.4305,0.0472,0.0429
TPU_HighRAM,xla,,172,True,NGCF,NGCF_CE_r5,CE,CE,3.131336620947066e-05,5.01,0.0286,0.0345,0.0111,0.0256,0.0594,0.0741,0.0276,0.0323,0.1209,0.2312,0.0143,0.0126
TPU_HighRAM,xla,,172,True,NGCF,NGCF_CE_r6,CE,CE,1.8461949003120918e-05,3.39,0.0472,0.0486,0.02,0.0351,0.0942,0.1068,0.0433,0.0402,0.176,0.2725,0.0258,0.0206
TPU_HighRAM,xla,,172,True,NGCF,NGCF_MSE_r1,MSE,MSE,0.0001393442171463,20.91,0.093,0.0985,0.041,0.0774,0.169,0.1866,0.0853,0.0805,0.298,0.4337,0.0549,0.0467
TPU_HighRAM,xla,,172,True,NGCF,NGCF_MSE_r2,MSE,MSE,6.063516849881099e-05,9.24,0.0505,0.0569,0.0226,0.0462,0.0941,0.1096,0.0501,0.0504,0.2025,0.3181,0.0263,0.0231
TPU_HighRAM,xla,,172,True,NGCF,NGCF_MSE_r3,MSE,MSE,8.543339375742004e-05,13.09,0.0734,0.0812,0.0332,0.0639,0.1314,0.1494,0.071,0.0712,0.2641,0.4008,0.0414,0.0358
TPU_HighRAM,xla,,172,True,NGCF,NGCF_MSE_r4,MSE,MSE,8.432560747945505e-05,12.71,0.0836,0.0917,0.042,0.0757,0.1466,0.1666,0.0789,0.0769,0.281,0.4305,0.0478,0.0424
TPU_HighRAM,xla,,172,True,NGCF,NGCF_MSE_r5,MSE,MSE,3.152581316901426e-05,5.28,0.0288,0.035,0.0116,0.0264,0.0593,0.0745,0.028,0.033,0.123,0.2397,0.0143,0.0126
TPU_HighRAM,xla,,172,True,NGCF,NGCF_MSE_r6,MSE,MSE,1.850469547718552e-05,3.34,0.0472,0.0486,0.02,0.0351,0.0942,0.1068,0.0433,0.0402,0.176,0.2725,0.0258,0.0206
TPU_HighRAM,xla,,172,True,NeuMF,NeuMF_BPR_r1,BPR,BPR,5.605368217825999e-05,8.79,0.2397,0.2374,0.129,0.1999,0.3918,0.409,0.2025,0.1622,0.5875,0.7126,0.1635,0.138
TPU_HighRAM,xla,,172,True,NeuMF,NeuMF_BPR_r2,BPR,BPR,4.020827415082204e-05,6.23,0.1459,0.1487,0.0769,0.1239,0.2623,0.2807,0.1287,0.1094,0.4411,0.5758,0.0887,0.075
TPU_HighRAM,xla,,172,True,NeuMF,NeuMF_BPR_r3,BPR,BPR,2.855803067929276e-05,4.81,0.2193,0.2164,0.1117,0.1741,0.3694,0.3873,0.1839,0.1492,0.5355,0.6681,0.1483,0.1234
TPU_HighRAM,xla,,172,True,NeuMF,NeuMF_BPR_r4,BPR,BPR,4.438252016876429e-05,6.86,0.2297,0.2281,0.1237,0.1922,0.3757,0.393,0.1962,0.1578,0.5779,0.7063,0.1545,0.1309
TPU_HighRAM,xla,,172,True,NeuMF,NeuMF_BPR_r5,BPR,BPR,2.6656391365176185e-05,4.48,0.1203,0.1332,0.0584,0.1184,0.2245,0.2495,0.1063,0.1012,0.3765,0.5578,0.0712,0.0632
TPU_HighRAM,xla,,172,True,NeuMF,NeuMF_BPR_r6,BPR,BPR,2.536633233531321e-05,4.06,0.1306,0.1314,0.0653,0.1021,0.2286,0.2449,0.1183,0.0998,0.3987,0.5154,0.0794,0.0664
TPU_HighRAM,xla,,172,True,NeuMF,NeuMF_CE_r1,CE,CE,5.596047970936303e-05,8.75,0.2397,0.2374,0.129,0.1999,0.3918,0.409,0.2025,0.1622,0.5875,0.7126,0.1635,0.138
TPU_HighRAM,xla,,172,True,NeuMF,NeuMF_CE_r2,CE,CE,3.936916618431362e-05,6.34,0.1459,0.1487,0.0769,0.1239,0.2623,0.2807,0.1287,0.1094,0.4411,0.5758,0.0887,0.075
TPU_HighRAM,xla,,172,True,NeuMF,NeuMF_CE_r3,CE,CE,3.149917813127484e-05,4.98,0.2193,0.2164,0.1117,0.1741,0.3694,0.3873,0.1839,0.1492,0.5355,0.6681,0.1483,0.1234
TPU_HighRAM,xla,,172,True,NeuMF,NeuMF_CE_r4,CE,CE,4.532638089890894e-05,7.23,0.2297,0.2281,0.1237,0.1922,0.3757,0.393,0.1962,0.1578,0.5779,0.7063,0.1545,0.1309
TPU_HighRAM,xla,,172,True,NeuMF,NeuMF_CE_r5,CE,CE,2.890342155898144e-05,4.85,0.1203,0.1332,0.0584,0.1184,0.2245,0.2495,0.1063,0.1012,0.3765,0.5578,0.0712,0.0632
TPU_HighRAM,xla,,172,True,NeuMF,NeuMF_CE_r6,CE,CE,2.5872126751390324e-05,4.19,0.1306,0.1314,0.0653,0.1021,0.2286,0.2449,0.1183,0.0998,0.3987,0.5154,0.0794,0.0664
TPU_HighRAM,xla,,172,True,NeuMF,NeuMF_MSE_r1,MSE,MSE,5.803925732835284e-05,9.08,0.2397,0.2374,0.129,0.1999,0.3918,0.409,0.2025,0.1622,0.5875,0.7126,0.1635,0.138
TPU_HighRAM,xla,,172,True,NeuMF,NeuMF_MSE_r2,MSE,MSE,4.00649370379484e-05,6.22,0.1459,0.1487,0.0769,0.1239,0.2623,0.2807,0.1287,0.1094,0.4411,0.5758,0.0887,0.075
TPU_HighRAM,xla,,172,True,NeuMF,NeuMF_MSE_r3,MSE,MSE,3.203405135029063e-05,5.31,0.2193,0.2164,0.1117,0.1741,0.3694,0.3873,0.1839,0.1492,0.5355,0.6681,0.1483,0.1234
TPU_HighRAM,xla,,172,True,NeuMF,NeuMF_MSE_r4,MSE,MSE,4.508074403821829e-05,7.22,0.2297,0.2281,0.1237,0.1922,0.3757,0.393,0.1962,0.1578,0.5779,0.7063,0.1545,0.1309
TPU_HighRAM,xla,,172,True,NeuMF,NeuMF_MSE_r5,MSE,MSE,2.8218940876521757e-05,4.53,0.1203,0.1332,0.0584,0.1184,0.2245,0.2495,0.1063,0.1012,0.3765,0.5578,0.0712,0.0632
TPU_HighRAM,xla,,172,True,NeuMF,NeuMF_MSE_r6,MSE,MSE,2.4667217730647977e-05,4.21,0.1306,0.1314,0.0653,0.1021,0.2286,0.2449,0.1183,0.0998,0.3987,0.5154,0.0794,0.0664
TPU_HighRAM,xla,,172,True,Pop,Pop_s2024_r1,,,2.1075183136760555e-06,0.69,0.0546,0.0577,0.0227,0.0414,0.109,0.1234,0.0488,0.0469,0.2004,0.3054,0.0302,0.0248
TPU_HighRAM,xla,,172,True,Pop,Pop_s2024_r2,,,2.2213743450097087e-06,0.95,0.0973,0.1055,0.06,0.099,0.1728,0.1893,0.0891,0.0778,0.3404,0.4592,0.0547,0.0501
TPU_HighRAM,xla,,172,True,Pop,Pop_s2024_r3,,,2.4947116438296235e-06,0.77,0.1189,0.1262,0.0732,0.1147,0.2088,0.2274,0.1067,0.092,0.4019,0.5408,0.0687,0.0615
TPU_HighRAM,xla,,172,True,Pop,Pop_s2024_r4,,,2.997835516276018e-06,1.11,0.1213,0.1277,0.0701,0.1118,0.2241,0.2444,0.1071,0.094,0.3966,0.5419,0.07,0.0612
TPU_HighRAM,xla,,172,True,Pop,Pop_s2024_r5,,,3.881389122383645e-06,1.2,0.1273,0.131,0.0727,0.1169,0.2347,0.2536,0.1124,0.0941,0.4072,0.5472,0.0741,0.0631
TPU_HighRAM,xla,,172,True,Pop,Pop_s2024_r6,,,5.572525524049135e-06,1.19,0.129,0.1322,0.0737,0.116,0.2361,0.2557,0.113,0.0946,0.404,0.544,0.0761,0.0644
TPU_HighRAM,xla,,172,True,Pop,Pop_s2025_r1,,,2.1452117424143294e-06,0.95,0.0452,0.049,0.0197,0.0397,0.0869,0.1014,0.0467,0.0445,0.1962,0.3118,0.0225,0.0184
TPU_HighRAM,xla,,172,True,Pop,Pop_s2025_r2,,,2.2497090621433767e-06,0.73,0.1124,0.1152,0.0604,0.1046,0.1953,0.2146,0.1063,0.088,0.3754,0.5228,0.0653,0.0536
TPU_HighRAM,xla,,172,True,Pop,Pop_s2025_r3,,,2.480058091725264e-06,0.98,0.1192,0.1248,0.0688,0.1147,0.2123,0.2344,0.1092,0.0935,0.3966,0.5589,0.0686,0.0577
TPU_HighRAM,xla,,172,True,Pop,Pop_s2025_r4,,,2.955619438724078e-06,1.04,0.1282,0.1309,0.0729,0.1143,0.228,0.2478,0.1145,0.0961,0.4125,0.5578,0.0756,0.0633
TPU_HighRAM,xla,,172,True,Pop,Pop_s2025_r5,,,3.88547042608861e-06,0.96,0.1268,0.1311,0.0739,0.1151,0.2258,0.2466,0.1126,0.0966,0.4072,0.5599,0.0748,0.0634
TPU_HighRAM,xla,,172,True,Pop,Pop_s2025_r6,,,5.553477232702042e-06,1.44,0.1265,0.1301,0.0729,0.114,0.2255,0.246,0.1126,0.0953,0.4072,0.5567,0.0745,0.0629
TPU_HighRAM,xla,,172,True,Pop,Pop_s2026_r1,,,2.27361617772426e-06,0.74,0.0438,0.0494,0.0237,0.0436,0.0779,0.0943,0.0462,0.0449,0.193,0.3171,0.0212,0.0184
TPU_HighRAM,xla,,172,True,Pop,Pop_s2026_r2,,,2.2585866804603385e-06,0.96,0.1164,0.1265,0.0611,0.1153,0.2109,0.2325,0.1063,0.097,0.3902,0.5536,0.0677,0.059
TPU_HighRAM,xla,,172,True,Pop,Pop_s2026_r3,,,2.518440279135692e-06,0.75,0.1377,0.1386,0.0755,0.1197,0.2508,0.2686,0.1198,0.0993,0.4263,0.5589,0.0821,0.0679
TPU_HighRAM,xla,,172,True,Pop,Pop_s2026_r4,,,2.964151131444391e-06,1.07,0.1364,0.1422,0.0781,0.1247,0.249,0.2694,0.1179,0.1027,0.421,0.5695,0.0812,0.0699
TPU_HighRAM,xla,,172,True,Pop,Pop_s2026_r5,,,3.991109695026009e-06,1.2,0.139,0.143,0.0784,0.1247,0.2562,0.2759,0.1194,0.102,0.4263,0.5737,0.0831,0.0704
TPU_HighRAM,xla,,172,True,Pop,Pop_s2026_r6,,,5.592891977712248e-06,1.2,0.1397,0.1445,0.0809,0.1265,0.2548,0.2754,0.1194,0.1029,0.4263,0.5769,0.0837,0.0717
TPU_HighRAM,xla,,172,True,Random,Random_s2024_r1,,,2.2784685214138467e-06,1.0,0.0075,0.0074,0.0031,0.005,0.0171,0.0204,0.0074,0.0066,0.0361,0.0626,0.0035,0.0024
TPU_HighRAM,xla,,172,True,Random,Random_s2024_r2,,,2.307567635747361e-06,0.74,0.0075,0.0074,0.0031,0.005,0.0171,0.0204,0.0074,0.0066,0.0361,0.0626,0.0035,0.0024
TPU_HighRAM,xla,,172,True,Random,Random_s2024_r3,,,2.5069226576980026e-06,1.04,0.0075,0.0074,0.0031,0.005,0.0171,0.0204,0.0074,0.0066,0.0361,0.0626,0.0035,0.0024
TPU_HighRAM,xla,,172,True,Random,Random_s2024_r4,,,3.010882461775497e-06,0.84,0.0075,0.0074,0.0031,0.005,0.0171,0.0204,0.0074,0.0066,0.0361,0.0626,0.0035,0.0024
TPU_HighRAM,xla,,172,True,Random,Random_s2024_r5,,,3.778821126261856e-06,1.2,0.0075,0.0074,0.0031,0.005,0.0171,0.0204,0.0074,0.0066,0.0361,0.0626,0.0035,0.0024
TPU_HighRAM,xla,,172,True,Random,Random_s2024_r6,,,5.240642870390969e-06,1.41,0.0075,0.0074,0.0031,0.005,0.0171,0.0204,0.0074,0.0066,0.0361,0.0626,0.0035,0.0024
TPU_HighRAM,xla,,172,True,Random,Random_s2025_r1,,,2.132646779865346e-06,0.72,0.0065,0.0077,0.0024,0.0055,0.0139,0.0186,0.0066,0.0074,0.0329,0.0689,0.0029,0.0024
TPU_HighRAM,xla,,172,True,Random,Random_s2025_r2,,,2.2929501202486654e-06,0.98,0.0065,0.0077,0.0024,0.0055,0.0139,0.0186,0.0066,0.0074,0.0329,0.0689,0.0029,0.0024
TPU_HighRAM,xla,,172,True,Random,Random_s2025_r3,,,2.5221367472401973e-06,0.78,0.0065,0.0077,0.0024,0.0055,0.0139,0.0186,0.0066,0.0074,0.0329,0.0689,0.0029,0.0024
TPU_HighRAM,xla,,172,True,Random,Random_s2025_r4,,,2.874955144168108e-06,1.06,0.0065,0.0077,0.0024,0.0055,0.0139,0.0186,0.0066,0.0074,0.0329,0.0689,0.0029,0.0024
TPU_HighRAM,xla,,172,True,Random,Random_s2025_r5,,,3.672590526631447e-06,1.18,0.0065,0.0077,0.0024,0.0055,0.0139,0.0186,0.0066,0.0074,0.0329,0.0689,0.0029,0.0024
TPU_HighRAM,xla,,172,True,Random,Random_s2025_r6,,,5.207780316105614e-06,1.17,0.0065,0.0077,0.0024,0.0055,0.0139,0.0186,0.0066,0.0074,0.0329,0.0689,0.0029,0.0024
TPU_HighRAM,xla,,172,True,Random,Random_s2026_r1,,,2.2223287315207343e-06,0.96,0.0077,0.0083,0.0028,0.0067,0.0172,0.021,0.0074,0.0072,0.0361,0.0668,0.0036,0.0028
TPU_HighRAM,xla,,172,True,Random,Random_s2026_r2,,,2.329392681903168e-06,0.77,0.0077,0.0083,0.0028,0.0067,0.0172,0.021,0.0074,0.0072,0.0361,0.0668,0.0036,0.0028
TPU_HighRAM,xla,,172,True,Random,Random_s2026_r3,,,2.4982502627149344e-06,1.01,0.0077,0.0083,0.0028,0.0067,0.0172,0.021,0.0074,0.0072,0.0361,0.0668,0.0036,0.0028
TPU_HighRAM,xla,,172,True,Random,Random_s2026_r4,,,2.882341756689512e-06,0.8,0.0077,0.0083,0.0028,0.0067,0.0172,0.021,0.0074,0.0072,0.0361,0.0668,0.0036,0.0028
TPU_HighRAM,xla,,172,True,Random,Random_s2026_r5,,,3.6788451259701207e-06,1.18,0.0077,0.0083,0.0028,0.0067,0.0172,0.021,0.0074,0.0072,0.0361,0.0668,0.0036,0.0028
TPU_HighRAM,xla,,172,True,Random,Random_s2026_r6,,,5.160735401554859e-06,1.39,0.0077,0.0083,0.0028,0.0067,0.0172,0.021,0.0074,0.0072,0.0361,0.0668,0.0036,0.0028
